open,high,low,close,volume
2020-02-10 08:00:00,25.07,25.907,24.031,25.189,1405091.86
2020-02-11 08:00:00,25.19,25.864,24.25,25.705,1783061.99
2020-02-12 08:00:00,25.705,26.98,25.347,26.451,1311285.47
2020-02-13 08:00:00,26.452,27.397,24.58,25.456,1451755.42
2020-02-14 08:00:00,25.455,26.697,25.043,26.384,1271237.03
2020-02-15 08:00:00,26.373,26.6,23.25,24.239,1601280.92
2020-02-16 08:00:00,24.225,25.302,21.78,23.389,1775025.82
2020-02-17 08:00:00,23.355,23.623,21.519,23.452,2036473.78
2020-02-18 08:00:00,23.462,24.519,22.726,24.094,1293664.26
2020-02-19 08:00:00,24.107,24.392,21.391,22.367,1411342.31
2020-02-20 08:00:00,22.362,22.723,21.0,22.191,1244980.04
2020-02-21 08:00:00,22.172,22.933,21.815,22.209,972969.37
2020-02-22 08:00:00,22.221,22.374,21.51,22.008,736112.42
2020-02-23 08:00:00,22.007,22.997,21.977,22.868,1007250.63
2020-02-24 08:00:00,22.871,23.288,21.512,22.11,1270055.15
2020-02-25 08:00:00,22.111,22.13,20.139,20.34,1444417.18
2020-02-26 08:00:00,20.345,20.547,17.87,18.729,2294044.51
2020-02-27 08:00:00,18.723,19.635,17.701,19.154,1684886.46
2020-02-28 08:00:00,19.15,19.755,17.92,19.001,1718113.47
2020-02-29 08:00:00,19.001,20.3,18.802,19.257,1734548.17
2020-03-01 08:00:00,19.25,19.913,18.5,18.9,2131016.51
2020-03-02 08:00:00,18.909,20.051,18.768,19.9,1782168.95
2020-03-03 08:00:00,19.901,20.382,19.33,19.685,1607025.05
2020-03-04 08:00:00,19.684,20.273,19.54,19.969,1399024.21
2020-03-05 08:00:00,19.969,21.472,19.965,20.754,1955491.71
2020-03-06 08:00:00,20.75,21.77,20.692,21.379,1659669.26
2020-03-07 08:00:00,21.379,21.5,19.778,20.269,1393981.18
2020-03-08 08:00:00,20.27,20.27,16.715,16.897,2287497.85
2020-03-09 08:00:00,16.886,17.465,15.628,16.589,3446761.01
2020-03-10 08:00:00,16.603,17.45,16.289,16.85,2417921.41
2020-03-11 08:00:00,16.868,17.129,15.423,16.591,2157510.13
2020-03-12 08:00:00,16.591,16.628,8.873,9.277,8451829.08
2020-03-13 08:00:00,9.23,11.708,6.236,10.958,11581062.71
2020-03-14 08:00:00,10.952,11.3,9.875,10.135,2772315.36
2020-03-15 08:00:00,10.14,11.329,9.971,10.393,2073135.23
2020-03-16 08:00:00,10.388,10.404,8.38,9.422,4585965.54
2020-03-17 08:00:00,9.432,10.531,9.326,10.241,2676624.01
2020-03-18 08:00:00,10.237,10.425,9.658,10.392,2128780.82
2020-03-19 08:00:00,10.393,12.699,10.245,12.267,2968162.77
2020-03-20 08:00:00,12.263,13.697,10.307,11.911,3028060.57
2020-03-21 08:00:00,11.912,12.439,11.272,12.101,2299755.97
2020-03-22 08:00:00,12.105,12.483,11.02,11.16,2451920.35
2020-03-23 08:00:00,11.159,12.52,10.765,12.172,2267239.39
2020-03-24 08:00:00,12.174,12.575,11.906,12.404,1739021.07
2020-03-25 08:00:00,12.4,12.708,11.96,12.304,1748919.99
2020-03-26 08:00:00,12.307,13.267,12.1,13.202,1089249.85
2020-03-27 08:00:00,13.201,13.386,12.039,12.317,1496285.83
2020-03-28 08:00:00,12.3,12.348,11.61,12.175,1325113.38
2020-03-29 08:00:00,12.177,12.228,11.26,11.267,962357.57
2020-03-30 08:00:00,11.273,12.424,11.225,12.123,1233496.79
2020-03-31 08:00:00,12.128,12.75,12.1,12.536,1326495.93
2020-04-01 08:00:00,12.539,12.748,11.96,12.706,1409144.95
2020-04-02 08:00:00,12.706,13.755,12.5,13.008,1867018.75
2020-04-03 08:00:00,13.015,13.578,12.912,13.359,1364218.69
2020-04-04 08:00:00,13.361,14.051,13.136,13.781,2264887.58
2020-04-05 08:00:00,13.776,13.969,13.411,13.699,1172217.67
2020-04-06 08:00:00,13.696,15.232,13.639,15.189,1945463.95
2020-04-07 08:00:00,15.189,15.512,14.25,14.725,2241051.33
2020-04-08 08:00:00,14.728,15.377,14.567,15.098,1491320.55
2020-04-09 08:00:00,15.102,15.218,14.611,15.013,1257983.36
2020-04-10 08:00:00,15.012,15.082,13.455,13.708,1903505.01
2020-04-11 08:00:00,13.708,14.09,13.519,13.804,1163328.91
2020-04-12 08:00:00,13.812,14.846,13.639,14.287,1590489.3
2020-04-13 08:00:00,14.282,15.075,13.5,15.0,4021749.59
2020-04-14 08:00:00,15.001,15.954,14.763,15.593,4569526.7
2020-04-15 08:00:00,15.589,15.811,14.467,14.544,2880471.05
2020-04-16 08:00:00,14.544,15.767,14.069,15.737,3098334.13
2020-04-17 08:00:00,15.739,15.92,15.139,15.61,2188537.87
2020-04-18 08:00:00,15.61,16.823,15.6,16.58,2281422.62
2020-04-19 08:00:00,16.579,16.669,15.77,16.035,1830505.32
2020-04-20 08:00:00,16.03,16.456,14.775,14.928,2594135.67
2020-04-21 08:00:00,14.924,15.422,14.666,15.113,2440212.54
2020-04-22 08:00:00,15.103,15.823,14.913,15.697,1604788.72
2020-04-23 08:00:00,15.697,16.463,15.379,16.049,2065896.92
2020-04-24 08:00:00,16.055,16.269,15.658,15.93,1552796.52
2020-04-25 08:00:00,15.923,16.449,15.74,16.233,1260384.21
2020-04-26 08:00:00,16.235,16.43,15.952,16.347,1213378.93
2020-04-27 08:00:00,16.348,16.567,16.043,16.414,1340597.08
2020-04-28 08:00:00,16.402,16.465,16.14,16.335,1016776.69
2020-04-29 08:00:00,16.335,17.495,16.294,17.333,2061367.45
2020-04-30 08:00:00,17.327,18.137,16.32,16.928,3117440.2
2020-05-01 08:00:00,16.916,17.856,16.909,17.44,1970326.21
2020-05-02 08:00:00,17.439,17.568,17.248,17.52,952641.13
2020-05-03 08:00:00,17.519,17.799,16.771,17.083,1213703.65
2020-05-04 08:00:00,17.081,17.267,16.25,17.003,1525917.37
2020-05-05 08:00:00,16.998,17.294,16.585,16.85,1147397.72
2020-05-06 08:00:00,16.852,17.139,16.35,16.391,1058713.8
2020-05-07 08:00:00,16.388,17.242,16.024,16.997,1291777.28
2020-05-08 08:00:00,16.999,17.4,16.817,17.145,1168733.8
2020-05-09 08:00:00,17.145,17.495,16.754,16.766,1096794.81
2020-05-10 08:00:00,16.763,16.795,13.63,15.309,2530265.21
2020-05-11 08:00:00,15.306,15.522,14.014,15.073,1827284.58
2020-05-12 08:00:00,15.085,16.22,14.966,15.756,1966025.46
2020-05-13 08:00:00,15.756,16.361,15.627,16.177,1107585.56
2020-05-14 08:00:00,16.182,16.693,15.976,16.361,1152546.06
2020-05-15 08:00:00,16.368,16.451,15.542,15.71,1105577.41
2020-05-16 08:00:00,15.707,16.228,15.577,16.059,738007.81
2020-05-17 08:00:00,16.06,16.522,16.004,16.293,704263.0
2020-05-18 08:00:00,16.294,16.872,16.235,16.638,791209.22
2020-05-19 08:00:00,16.64,17.25,16.302,17.215,1083398.38
2020-05-20 08:00:00,17.211,17.348,16.45,16.887,1036929.85
2020-05-21 08:00:00,16.891,17.064,15.732,16.097,1410902.92
2020-05-22 08:00:00,16.092,16.924,15.935,16.606,1110318.45
2020-05-23 08:00:00,16.606,16.866,16.345,16.49,660987.44
2020-05-24 08:00:00,16.489,16.803,15.929,15.952,833129.55
2020-05-25 08:00:00,15.943,16.426,15.789,16.385,1036864.54
2020-05-26 08:00:00,16.385,16.503,15.972,16.219,861433.7
2020-05-27 08:00:00,16.214,16.517,16.162,16.481,715038.99
2020-05-28 08:00:00,16.481,17.16,16.413,17.092,754792.47
2020-05-29 08:00:00,17.09,17.208,16.642,17.016,956578.12
2020-05-30 08:00:00,17.01,17.8,16.937,17.737,1149486.18
2020-05-31 08:00:00,17.738,18.203,16.854,17.089,1550100.17
2020-06-01 08:00:00,17.098,18.173,16.983,17.956,1316915.19
2020-06-02 08:00:00,17.968,18.228,16.556,17.274,1588636.39
2020-06-03 08:00:00,17.282,17.621,16.962,17.573,870634.86
2020-06-04 08:00:00,17.573,17.658,17.05,17.526,925519.02
2020-06-05 08:00:00,17.525,17.909,17.44,17.686,1258405.64
2020-06-06 08:00:00,17.691,17.794,17.5,17.567,713949.46
2020-06-07 08:00:00,17.567,17.65,16.87,17.415,972665.27
2020-06-08 08:00:00,17.416,17.561,17.25,17.453,484372.68
2020-06-09 08:00:00,17.453,17.521,17.01,17.383,492253.86
2020-06-10 08:00:00,17.382,17.59,17.175,17.419,584324.54
2020-06-11 08:00:00,17.414,17.536,15.861,16.231,1058267.51
2020-06-12 08:00:00,16.234,16.822,16.078,16.643,678208.71
2020-06-13 08:00:00,16.645,16.822,16.49,16.807,439411.15
2020-06-14 08:00:00,16.809,16.819,16.391,16.566,498068.67
2020-06-15 08:00:00,16.566,16.606,15.404,16.378,1054648.72
2020-06-16 08:00:00,16.384,16.65,16.153,16.429,611416.87
2020-06-17 08:00:00,16.427,16.66,15.966,16.39,732374.44
2020-06-18 08:00:00,16.389,16.55,15.878,16.169,658968.53
2020-06-19 08:00:00,16.168,16.306,15.9,15.966,609887.35
2020-06-20 08:00:00,15.966,16.151,15.688,16.071,555612.11
2020-06-21 08:00:00,16.076,16.335,15.936,15.982,443718.08
2020-06-22 08:00:00,15.982,16.573,15.962,16.514,604840.29
2020-06-23 08:00:00,16.509,16.568,16.291,16.396,547942.9
2020-06-24 08:00:00,16.396,16.666,15.955,16.037,914643.91
2020-06-25 08:00:00,16.037,16.093,15.444,15.925,717234.89
2020-06-26 08:00:00,15.92,15.997,15.587,15.778,527797.39
2020-06-27 08:00:00,15.778,15.895,14.701,15.139,676888.5
2020-06-28 08:00:00,15.133,15.502,14.866,15.386,499658.43
2020-06-29 08:00:00,15.394,15.6,15.203,15.48,593042.75
2020-06-30 08:00:00,15.487,15.562,15.272,15.411,452224.78
2020-07-01 08:00:00,15.411,15.892,15.329,15.819,719045.93
2020-07-02 08:00:00,15.819,15.978,15.065,15.375,979124.16
2020-07-03 08:00:00,15.371,15.498,15.26,15.288,401055.73
2020-07-04 08:00:00,15.288,15.638,15.251,15.574,435268.81
2020-07-05 08:00:00,15.574,15.615,15.116,15.502,504443.13
2020-07-06 08:00:00,15.503,16.367,15.463,16.324,1083247.77
2020-07-07 08:00:00,16.322,16.9,16.02,16.837,1773432.41
2020-07-08 08:00:00,16.832,17.47,16.597,17.29,2040324.55
2020-07-09 08:00:00,17.291,17.53,16.504,16.844,1905706.54
2020-07-10 08:00:00,16.842,17.37,16.455,17.325,1664970.06
2020-07-11 08:00:00,17.327,17.695,17.023,17.631,1874795.7
2020-07-12 08:00:00,17.64,18.619,17.611,18.312,3517420.62
2020-07-13 08:00:00,18.313,19.069,17.8,18.419,3628616.74
2020-07-14 08:00:00,18.414,18.795,17.7,18.09,2879951.02
2020-07-15 08:00:00,18.088,18.175,17.412,17.648,2184575.72
2020-07-16 08:00:00,17.651,17.798,16.426,17.171,2538439.31
2020-07-17 08:00:00,17.168,17.484,16.95,17.073,1713580.97
2020-07-18 08:00:00,17.071,17.35,16.816,17.156,1330795.71
2020-07-19 08:00:00,17.158,18.141,16.871,18.039,3496898.97
2020-07-20 08:00:00,18.041,18.333,17.249,17.493,2566534.66
2020-07-21 08:00:00,17.482,17.99,17.404,17.737,1532182.84
2020-07-22 08:00:00,17.73,18.133,17.448,18.103,1322551.32
2020-07-23 08:00:00,18.115,18.788,18.056,18.768,2188672.07
2020-07-24 08:00:00,18.764,19.583,18.248,19.204,3673730.88
2020-07-25 08:00:00,19.206,20.081,19.154,19.84,2662190.38
2020-07-26 08:00:00,19.84,20.34,19.112,19.577,2425776.85
2020-07-27 08:00:00,19.58,20.222,18.331,19.792,3493682.1
2020-07-28 08:00:00,19.789,20.73,19.48,20.184,3005300.19
2020-07-29 08:00:00,20.18,20.435,19.779,19.901,1425583.56
2020-07-30 08:00:00,19.906,20.149,19.521,19.978,1221121.31
2020-07-31 08:00:00,19.988,20.88,19.95,20.686,1898997.59
2020-08-01 08:00:00,20.683,21.799,20.598,21.646,2430826.19
2020-08-02 08:00:00,21.641,22.25,18.546,20.959,3083866.51
2020-08-03 08:00:00,20.961,22.562,20.615,22.064,3221483.44
2020-08-04 08:00:00,22.064,22.465,21.439,22.323,2212028.31
2020-08-05 08:00:00,22.324,23.55,22.084,23.236,3451873.87
2020-08-06 08:00:00,23.235,23.274,22.5,22.76,2125780.63
2020-08-07 08:00:00,22.757,23.0,21.01,22.334,3142139.9
2020-08-08 08:00:00,22.334,22.914,21.813,22.909,1839275.06
2020-08-09 08:00:00,22.908,22.918,22.0,22.416,1440236.79
2020-08-10 08:00:00,22.426,22.806,22.0,22.656,1659355.72
2020-08-11 08:00:00,22.655,22.792,20.6,21.278,2437916.51
2020-08-12 08:00:00,21.289,22.021,20.509,21.503,2215072.53
2020-08-13 08:00:00,21.503,21.896,20.669,21.789,2571288.23
2020-08-14 08:00:00,21.798,23.356,21.273,23.141,3798335.65
2020-08-15 08:00:00,23.141,23.82,22.755,23.107,2360235.15
2020-08-16 08:00:00,23.096,23.833,22.707,23.54,2005272.88
2020-08-17 08:00:00,23.54,24.081,22.94,23.503,2257776.71
2020-08-18 08:00:00,23.504,23.806,22.319,23.016,1861857.37
2020-08-19 08:00:00,23.016,23.279,21.81,22.376,2064063.08
2020-08-20 08:00:00,22.393,23.35,22.043,23.122,1896105.42
2020-08-21 08:00:00,23.127,23.35,21.711,22.123,2267255.76
2020-08-22 08:00:00,22.122,22.274,21.297,22.216,1571139.74
2020-08-23 08:00:00,22.217,22.261,21.554,21.853,1251991.61
2020-08-24 08:00:00,21.854,23.002,21.68,22.6,1323978.32
2020-08-25 08:00:00,22.6,22.667,21.0,21.4,1704436.47
2020-08-26 08:00:00,21.4,22.531,21.282,22.212,1877357.34
2020-08-27 08:00:00,22.21,23.178,21.834,23.129,2558646.21
2020-08-28 08:00:00,23.129,23.609,22.624,23.095,1990551.98
2020-08-29 08:00:00,23.098,23.534,22.764,22.952,1333272.92
2020-08-30 08:00:00,22.951,23.9,22.903,23.642,1582433.86
2020-08-31 08:00:00,23.641,24.019,22.95,23.166,1504888.98
2020-09-01 08:00:00,23.167,25.672,22.822,24.756,3228209.34
2020-09-02 08:00:00,24.756,25.908,23.0,24.756,4638282.25
2020-09-03 08:00:00,24.759,25.568,19.81,20.424,6460942.13
2020-09-04 08:00:00,20.41,21.843,19.077,20.94,4451249.08
2020-09-05 08:00:00,20.942,21.464,17.89,19.43,3265792.4
2020-09-06 08:00:00,19.415,23.471,18.503,23.137,5373191.2
2020-09-07 08:00:00,23.12,23.564,19.911,22.398,4554593.01
2020-09-08 08:00:00,22.405,23.396,21.25,23.18,4193590.98
2020-09-09 08:00:00,23.177,24.48,22.35,24.417,3386032.27
2020-09-10 08:00:00,24.403,25.577,24.057,24.509,3221589.03
2020-09-11 08:00:00,24.512,25.684,23.019,25.365,3076021.8
2020-09-12 08:00:00,25.347,28.507,25.325,28.395,5342732.98
2020-09-13 08:00:00,28.397,32.36,28.006,31.142,9514711.33
2020-09-14 08:00:00,31.139,33.302,29.05,30.856,10524610.07
2020-09-15 08:00:00,30.867,30.899,26.688,27.086,10130811.09
2020-09-16 08:00:00,27.088,28.3,25.577,27.816,6869769.43
2020-09-17 08:00:00,27.816,28.741,26.055,26.989,4643696.37
2020-09-18 08:00:00,26.988,28.824,26.607,27.653,4628880.8
2020-09-19 08:00:00,27.66,28.054,26.685,27.226,2224710.77
2020-09-20 08:00:00,27.226,27.374,25.111,26.324,3280892.1
2020-09-21 08:00:00,26.329,26.652,22.2,23.12,6839808.24
2020-09-22 08:00:00,23.12,24.594,22.662,24.051,4183191.74
2020-09-23 08:00:00,24.051,24.366,22.435,22.839,3723770.38
2020-09-24 08:00:00,22.839,24.679,22.562,24.56,2921696.68
2020-09-25 08:00:00,24.56,25.089,23.726,24.677,2493303.3
2020-09-26 08:00:00,24.674,26.444,24.454,26.162,2570949.91
2020-09-27 08:00:00,26.162,26.85,25.466,26.219,2814420.58
2020-09-28 08:00:00,26.221,27.67,25.83,26.973,3293265.26
2020-09-29 08:00:00,26.973,28.948,26.834,28.822,4414780.77
2020-09-30 08:00:00,28.823,29.549,27.78,29.2,3456590.9
2020-10-01 08:00:00,29.2,29.305,26.193,27.455,4434355.39
2020-10-02 08:00:00,27.454,28.091,25.57,27.285,5191308.82
2020-10-03 08:00:00,27.302,28.255,27.005,28.133,2486140.18
2020-10-04 08:00:00,28.133,29.13,27.85,28.961,2848752.58
2020-10-05 08:00:00,28.973,29.185,28.069,28.616,2309511.07
2020-10-06 08:00:00,28.616,28.94,27.277,27.687,3309469.96
2020-10-07 08:00:00,27.685,27.855,26.836,27.667,2141195.2
2020-10-08 08:00:00,27.664,27.82,26.51,27.669,2264352.22
2020-10-09 08:00:00,27.669,28.49,27.43,28.373,1976557.32
2020-10-10 08:00:00,28.373,29.231,28.077,28.359,1885181.08
2020-10-11 08:00:00,28.359,28.725,27.833,28.501,1513440.09
2020-10-12 08:00:00,28.502,31.1,28.428,30.638,5798244.2
2020-10-13 08:00:00,30.64,31.701,29.957,30.622,4480813.93
2020-10-14 08:00:00,30.623,31.335,30.305,30.8,2709570.37
2020-10-15 08:00:00,30.804,31.701,30.332,31.3,3225994.49
2020-10-16 08:00:00,31.299,31.891,29.56,30.026,4453919.08
2020-10-17 08:00:00,30.031,30.56,29.666,30.2,1681259.96
2020-10-18 08:00:00,30.202,30.95,30.132,30.599,1838350.02
2020-10-19 08:00:00,30.6,30.672,29.7,29.899,2176988.84
2020-10-20 08:00:00,29.899,30.089,28.5,28.831,2639829.66
2020-10-21 08:00:00,28.832,30.42,28.651,29.734,3038475.7
2020-10-22 08:00:00,29.732,31.28,29.682,30.663,2969500.15
2020-10-23 08:00:00,30.658,31.186,30.065,30.63,1900619.78
2020-10-24 08:00:00,30.63,30.85,30.407,30.629,927606.27
2020-10-25 08:00:00,30.629,30.99,29.85,30.107,1470943.0
2020-10-26 08:00:00,30.104,31.37,29.925,31.022,3277614.79
2020-10-27 08:00:00,31.021,32.448,30.821,31.423,4314842.52
2020-10-28 08:00:00,31.415,31.93,29.75,30.322,2931609.08
2020-10-29 08:00:00,30.322,30.423,29.46,29.845,2307279.52
2020-10-30 08:00:00,29.847,30.19,27.451,28.509,3609401.75
2020-10-31 08:00:00,28.51,28.91,28.12,28.504,1636871.66
2020-11-01 08:00:00,28.509,28.685,28.105,28.568,1166370.6
2020-11-02 08:00:00,28.564,29.271,27.773,27.807,2698951.61
2020-11-03 08:00:00,27.806,27.806,25.727,26.878,3416204.58
2020-11-04 08:00:00,26.879,26.979,25.937,26.96,2674949.35
2020-11-05 08:00:00,26.962,27.947,26.674,27.721,3049246.3
2020-11-06 08:00:00,27.723,29.555,27.721,29.052,3610757.42
2020-11-07 08:00:00,29.054,29.914,26.851,27.788,4232157.28
2020-11-08 08:00:00,27.784,28.74,27.485,28.427,1910190.58
2020-11-09 08:00:00,28.421,28.978,27.375,28.1,2500157.58
2020-11-10 08:00:00,28.1,28.539,27.717,28.237,2011956.56
2020-11-11 08:00:00,28.238,28.6,27.811,28.01,1570625.19
2020-11-12 08:00:00,28.012,28.188,27.302,27.712,1509464.91
2020-11-13 08:00:00,27.712,28.488,27.55,28.227,2001986.93
2020-11-14 08:00:00,28.227,28.233,27.408,27.964,1213580.95
2020-11-15 08:00:00,27.959,28.24,27.069,27.681,1611727.73
2020-11-16 08:00:00,27.681,28.231,27.48,27.997,1523268.24
2020-11-17 08:00:00,27.99,28.83,27.958,28.554,2544418.5
2020-11-18 08:00:00,28.561,28.84,27.203,28.12,2854413.67
2020-11-19 08:00:00,28.123,28.388,27.65,28.123,1769669.98
2020-11-20 08:00:00,28.123,29.339,28.074,28.986,2819396.37
2020-11-21 08:00:00,28.986,30.838,28.339,30.581,4992749.7
2020-11-22 08:00:00,30.587,31.362,28.878,30.045,4664400.13
2020-11-23 08:00:00,30.041,31.179,29.821,31.063,4520129.8
2020-11-24 08:00:00,31.057,35.328,30.852,33.919,11036062.96
2020-11-25 08:00:00,33.927,35.423,30.3,31.285,6090274.8
2020-11-26 08:00:00,31.284,31.793,26.409,28.258,9344593.8
2020-11-27 08:00:00,28.263,28.75,27.263,28.5,3319292.13
2020-11-28 08:00:00,28.5,29.722,27.927,29.168,2567869.23
2020-11-29 08:00:00,29.165,30.479,28.91,30.138,2572348.98
2020-11-30 08:00:00,30.138,31.696,29.759,31.535,3329955.45
2020-12-01 08:00:00,31.54,32.0,29.164,30.206,4032903.5
2020-12-02 08:00:00,30.205,30.993,29.504,30.278,2308003.41
2020-12-03 08:00:00,30.286,30.859,29.884,30.721,1656800.75
2020-12-04 08:00:00,30.72,31.16,28.757,29.039,2403792.7
2020-12-05 08:00:00,29.04,30.041,28.682,29.74,1626331.61
2020-12-06 08:00:00,29.73,30.162,29.057,29.499,1398524.3
2020-12-07 08:00:00,29.508,29.668,29.09,29.38,1053377.07
2020-12-08 08:00:00,29.384,29.488,27.453,27.687,1961246.58
2020-12-09 08:00:00,27.682,28.398,26.932,28.152,1476065.49
2020-12-10 08:00:00,28.145,28.243,27.422,27.7,1036482.54
2020-12-11 08:00:00,27.699,27.784,26.747,27.356,1219804.25
2020-12-12 08:00:00,27.359,28.235,27.283,28.162,1029509.45
2020-12-13 08:00:00,28.163,29.323,28.023,29.182,1386617.61
2020-12-14 08:00:00,29.185,30.194,28.69,30.031,2027509.43
2020-12-15 08:00:00,30.04,30.335,29.305,29.47,1372204.44
2020-12-16 08:00:00,29.471,30.67,29.035,30.563,2173014.46
2020-12-17 08:00:00,30.564,31.634,29.746,30.237,3996558.39
2020-12-18 08:00:00,30.238,31.26,29.638,31.0,1958227.68
2020-12-19 08:00:00,31.0,34.356,30.931,33.337,5468744.51
2020-12-20 08:00:00,33.346,35.7,32.6,34.29,6599639.99
2020-12-21 08:00:00,34.297,35.695,31.5,32.13,7192550.36
2020-12-22 08:00:00,32.13,33.858,30.5,33.527,4476925.13
2020-12-23 08:00:00,33.527,34.5,29.8,31.159,5435106.02
2020-12-24 08:00:00,31.161,32.776,30.354,32.504,3172919.14
2020-12-25 08:00:00,32.525,33.532,31.745,33.231,2648964.1
2020-12-26 08:00:00,33.235,34.106,32.578,33.638,2918075.41
2020-12-27 08:00:00,33.641,35.132,31.792,33.676,4249254.43
2020-12-28 08:00:00,33.68,36.268,33.352,36.026,4737639.14
2020-12-29 08:00:00,36.023,39.5,35.372,39.122,7250595.49
2020-12-30 08:00:00,39.127,39.355,36.852,38.224,2447370.68
2020-12-31 08:00:00,38.209,38.28,36.67,37.386,1803543.66
2021-01-01 08:00:00,37.4,39.082,37.0,37.795,2613623.24
2021-01-02 08:00:00,37.795,39.06,36.79,38.271,2789507.96
2021-01-03 08:00:00,38.271,41.906,37.838,41.3,5731756.14
2021-01-04 08:00:00,41.301,43.646,38.011,41.142,6603696.97
2021-01-05 08:00:00,41.126,41.807,38.844,41.799,4157283.5
2021-01-06 08:00:00,41.806,42.328,40.53,42.288,3385263.29
2021-01-07 08:00:00,42.286,44.928,41.3,43.57,4664178.86
2021-01-08 08:00:00,43.566,43.69,40.054,42.394,4283914.41
2021-01-09 08:00:00,42.403,44.301,41.52,43.907,3048897.77
2021-01-10 08:00:00,43.911,45.2,39.786,42.399,4438160.76
2021-01-11 08:00:00,42.394,42.464,35.13,38.104,7471566.19
2021-01-12 08:00:00,38.114,39.998,37.135,38.275,3873527.28
2021-01-13 08:00:00,38.274,40.512,37.0,40.192,3655018.8
2021-01-14 08:00:00,40.208,42.039,39.68,41.911,3023256.98
2021-01-15 08:00:00,41.912,42.69,38.696,40.88,3622510.35
2021-01-16 08:00:00,40.882,44.226,40.689,43.171,4005216.95
2021-01-17 08:00:00,43.169,46.784,41.0,45.857,5321151.21
2021-01-18 08:00:00,45.861,46.967,44.145,45.442,3761963.01
2021-01-19 08:00:00,45.447,47.4,41.686,42.492,5885999.28
2021-01-20 08:00:00,42.477,42.802,40.195,42.607,4038131.83
2021-01-21 08:00:00,42.62,42.714,38.116,38.647,4457043.1
2021-01-22 08:00:00,38.648,41.426,36.81,40.863,4101010.61
2021-01-23 08:00:00,40.855,41.799,39.504,40.925,2586537.96
2021-01-24 08:00:00,40.927,42.273,40.28,41.85,1854955.87
2021-01-25 08:00:00,41.85,43.435,40.5,41.826,2542580.91
2021-01-26 08:00:00,41.835,42.556,39.876,41.873,2217988.98
2021-01-27 08:00:00,41.86,42.131,39.71,40.902,2497721.46
2021-01-28 08:00:00,40.907,42.999,40.36,42.452,2241362.92
2021-01-29 08:00:00,42.452,44.1,41.837,42.863,2967302.44
2021-01-30 08:00:00,42.869,45.156,42.6,44.744,1953602.31
2021-01-31 08:00:00,44.74,45.707,43.374,44.353,1771975.33
2021-02-01 08:00:00,44.345,52.578,43.418,51.483,5792782.9
2021-02-02 08:00:00,51.461,52.888,49.315,50.914,4571265.54
2021-02-03 08:00:00,50.906,52.694,49.751,52.096,2182777.61
2021-02-04 08:00:00,52.095,56.948,51.008,55.968,3742663.91
2021-02-05 08:00:00,55.96,68.8,55.925,67.736,5761391.94
2021-02-06 08:00:00,67.69,75.538,61.52,72.555,12358167.87
2021-02-07 08:00:00,72.548,74.5,64.034,68.269,6571573.68
2021-02-08 08:00:00,68.259,80.386,67.4,80.146,7926793.81
2021-02-09 08:00:00,80.146,116.592,78.785,107.249,17338691.09
2021-02-10 08:00:00,107.254,148.9,107.25,128.901,27321335.8
2021-02-11 08:00:00,128.9,133.605,118.0,124.11,7898640.86
2021-02-12 08:00:00,124.148,141.85,121.0,136.745,7979486.2
2021-02-13 08:00:00,136.728,139.0,124.951,133.5,4435209.64
2021-02-14 08:00:00,133.5,140.417,128.541,135.844,5327989.9
2021-02-15 08:00:00,135.89,140.187,117.189,130.037,5327626.06
2021-02-16 08:00:00,130.036,134.0,126.2,130.334,3003950.45
2021-02-17 08:00:00,130.327,176.92,127.0,165.556,11845430.36
2021-02-18 08:00:00,165.638,201.69,163.257,195.549,15260592.33
2021-02-19 08:00:00,195.571,350.0,195.0,334.094,35904371.35
2021-02-20 08:00:00,334.111,337.0,223.342,252.807,20932526.7
2021-02-21 08:00:00,253.053,309.086,249.001,294.864,14676462.01
2021-02-22 08:00:00,294.945,295.986,219.0,267.467,15428019.61
2021-02-23 08:00:00,267.444,270.081,183.5,230.982,19576669.04
2021-02-24 08:00:00,230.99,280.811,213.2,254.183,14890210.61
2021-02-25 08:00:00,254.194,265.82,231.0,234.376,9071200.41
2021-02-26 08:00:00,234.409,239.772,208.872,221.6,10146456.87
2021-02-27 08:00:00,221.594,238.0,218.991,225.36,5396399.16
2021-02-28 08:00:00,225.33,229.294,195.0,210.11,7904773.17
2021-03-01 08:00:00,210.196,260.0,209.052,255.033,11445294.27
2021-03-02 08:00:00,255.069,265.584,227.121,239.713,7830293.28
2021-03-03 08:00:00,239.673,255.387,236.054,240.499,6569331.17
2021-03-04 08:00:00,240.427,250.311,225.577,229.743,5592589.83
2021-03-05 08:00:00,229.698,231.637,215.7,225.407,5124643.74
2021-03-06 08:00:00,225.409,232.386,219.424,226.349,3351778.24
2021-03-07 08:00:00,226.382,244.389,224.77,240.269,4499987.45
2021-03-08 08:00:00,240.283,243.394,229.0,240.555,3799282.72
2021-03-09 08:00:00,240.553,298.292,235.82,293.464,12635026.59
2021-03-10 08:00:00,293.424,296.5,264.0,278.397,10156146.59
2021-03-11 08:00:00,278.397,316.491,272.434,290.04,12275392.55
2021-03-12 08:00:00,290.04,290.954,246.336,263.372,9784609.14
2021-03-13 08:00:00,263.404,284.933,255.55,276.98,5299618.99
2021-03-14 08:00:00,276.994,277.71,263.114,263.278,3400635.57
2021-03-15 08:00:00,263.431,268.158,249.649,254.523,4745146.3
2021-03-16 08:00:00,254.53,259.902,240.0,258.957,4021206.86
2021-03-17 08:00:00,258.964,272.598,248.624,270.149,3325521.09
2021-03-18 08:00:00,270.187,278.239,257.461,261.699,4023547.21
2021-03-19 08:00:00,261.699,269.486,255.001,262.924,2412866.29
2021-03-20 08:00:00,262.933,274.848,261.585,264.332,2695399.68
2021-03-21 08:00:00,264.305,268.121,257.232,264.852,2342979.86
2021-03-22 08:00:00,264.852,277.607,253.0,254.967,4184146.94
2021-03-23 08:00:00,254.99,263.031,252.0,255.654,3094054.4
2021-03-24 08:00:00,255.605,268.807,240.0,248.468,3981391.25
2021-03-25 08:00:00,248.52,250.084,222.902,233.852,5051270.59
2021-03-26 08:00:00,233.849,255.192,233.744,255.072,3135255.75
2021-03-27 08:00:00,255.046,276.338,248.788,269.619,3929007.73
2021-03-28 08:00:00,269.605,281.67,261.1,268.799,3872203.84
2021-03-29 08:00:00,268.788,278.5,264.52,275.426,2623334.32
2021-03-30 08:00:00,275.421,312.811,271.507,312.347,7941174.14
2021-03-31 08:00:00,312.322,317.89,283.0,302.7,7969896.6
2021-04-01 08:00:00,302.702,340.0,301.0,335.334,6517964.68
2021-04-02 08:00:00,335.374,358.418,325.0,338.821,6764633.33
2021-04-03 08:00:00,338.721,349.8,315.2,322.235,4675679.12
2021-04-04 08:00:00,322.244,352.867,316.116,349.304,4016471.3
2021-04-05 08:00:00,349.277,381.24,335.532,368.763,5689326.56
2021-04-06 08:00:00,368.754,413.068,364.5,403.484,7737755.9
2021-04-07 08:00:00,403.499,414.784,356.777,375.947,11124864.67
2021-04-08 08:00:00,375.947,423.468,372.146,418.755,6253328.86
2021-04-09 08:00:00,418.77,454.842,405.05,454.84,6426818.58
2021-04-10 08:00:00,454.801,489.5,449.895,472.789,8798239.92
2021-04-11 08:00:00,472.86,529.909,460.8,526.179,6886715.6
2021-04-12 08:00:00,526.188,640.5,517.2,598.229,23039501.26
2021-04-13 08:00:00,598.212,605.145,533.5,553.269,10826674.04
2021-04-14 08:00:00,553.352,593.414,519.061,549.788,9289659.77
2021-04-15 08:00:00,549.788,558.324,534.205,542.723,3947360.25
2021-04-16 08:00:00,542.745,549.959,487.556,508.924,9544356.51
2021-04-17 08:00:00,508.919,548.545,506.0,515.342,5197888.39
2021-04-18 08:00:00,515.432,520.684,416.364,482.127,9714866.04
2021-04-19 08:00:00,482.126,540.909,467.235,504.668,9465769.29
2021-04-20 08:00:00,504.642,590.656,472.468,587.206,9366053.79
2021-04-21 08:00:00,586.959,614.8,535.955,544.359,11208729.53
2021-04-22 08:00:00,544.404,584.209,480.0,505.65,11147827.55
2021-04-23 08:00:00,505.674,530.486,447.597,526.227,11796134.67
2021-04-24 08:00:00,526.228,529.158,483.0,497.13,5350238.99
2021-04-25 08:00:00,497.187,518.144,478.548,505.538,3966924.05
2021-04-26 08:00:00,505.543,550.595,502.01,535.358,4855443.57
2021-04-27 08:00:00,535.358,579.885,525.797,569.126,4630435.47
2021-04-28 08:00:00,569.126,580.0,540.0,563.063,3806369.44
2021-04-29 08:00:00,563.053,616.653,554.066,600.325,7353626.11
2021-04-30 08:00:00,600.325,628.95,586.328,623.585,5820798.56
2021-05-01 08:00:00,623.585,645.5,609.459,620.81,3612502.76
2021-05-02 08:00:00,620.813,629.67,596.0,622.071,3226663.43
2021-05-03 08:00:00,622.072,681.576,622.0,676.967,4826440.19
2021-05-04 08:00:00,676.991,679.53,605.0,610.058,6042418.33
2021-05-05 08:00:00,610.058,657.523,605.0,651.969,3253407.15
2021-05-06 08:00:00,652.0,655.347,621.0,634.224,2558175.16
2021-05-07 08:00:00,634.22,645.0,612.348,624.628,2400710.68
2021-05-08 08:00:00,624.617,659.182,619.111,646.27,2655923.32
2021-05-09 08:00:00,646.27,680.0,630.0,662.398,3424033.96
2021-05-10 08:00:00,662.375,692.9,585.059,631.543,4579766.04
2021-05-11 08:00:00,631.525,673.0,621.753,671.2,2466913.9
2021-05-12 08:00:00,671.19,685.0,580.0,594.1,2988758.56
2021-05-13 08:00:00,594.11,633.45,527.0,571.21,6731897.16
2021-05-14 08:00:00,571.14,616.29,565.98,603.47,2583123.4
2021-05-15 08:00:00,603.53,611.54,560.0,563.85,2358974.31
2021-05-16 08:00:00,563.87,607.33,535.01,564.41,2956627.92
2021-05-17 08:00:00,564.41,564.41,483.93,512.44,4903573.52
2021-05-18 08:00:00,512.46,535.0,496.0,508.31,3063472.58
2021-05-19 08:00:00,508.33,516.68,250.0,334.47,12232300.44
2021-05-20 08:00:00,334.46,423.0,284.33,391.38,9016040.46
2021-05-21 08:00:00,391.33,415.79,273.89,325.75,8510825.11
2021-05-22 08:00:00,325.7,335.51,284.74,299.68,6478250.16
2021-05-23 08:00:00,299.63,313.62,211.14,260.61,13121033.09
2021-05-24 08:00:00,260.7,350.34,257.43,345.33,9630202.59
2021-05-25 08:00:00,345.28,376.08,307.0,343.43,8856765.25
2021-05-26 08:00:00,343.44,388.55,336.37,379.18,6414379.53
2021-05-27 08:00:00,379.15,387.6,340.03,369.71,5718913.42
2021-05-28 08:00:00,369.72,373.72,312.46,329.11,7554255.27
2021-05-29 08:00:00,329.12,347.54,295.64,304.17,6285913.68
2021-05-30 08:00:00,304.15,338.31,291.01,325.52,5630651.68
2021-05-31 08:00:00,325.52,356.16,307.06,353.12,5617361.52
2021-06-01 08:00:00,353.14,364.5,339.1,362.13,4956677.01
2021-06-02 08:00:00,362.1,418.45,350.38,401.34,6888672.89
2021-06-03 08:00:00,401.33,432.18,391.14,428.42,5981632.04
2021-06-04 08:00:00,428.52,429.71,365.33,390.83,8155115.32
2021-06-05 08:00:00,390.86,426.55,373.48,389.7,7016327.34
2021-06-06 08:00:00,389.68,400.22,381.39,393.52,3819571.31
2021-06-07 08:00:00,393.55,407.23,352.09,358.0,5888482.3
2021-06-08 08:00:00,358.03,366.44,319.13,352.34,9851325.42
2021-06-09 08:00:00,352.32,378.18,333.34,375.39,7029124.72
2021-06-10 08:00:00,375.42,377.47,344.0,351.88,4950899.63
2021-06-11 08:00:00,351.87,366.5,340.51,345.49,4323389.94
2021-06-12 08:00:00,345.49,348.76,325.18,343.6,4410296.28
2021-06-13 08:00:00,343.6,369.24,330.2,365.83,4089294.14
2021-06-14 08:00:00,365.86,377.36,355.0,369.9,3724321.99
2021-06-15 08:00:00,369.9,379.72,363.0,366.3,3373483.39
2021-06-16 08:00:00,366.36,366.73,343.0,347.24,3353463.43
2021-06-17 08:00:00,347.24,362.34,345.76,352.45,2604926.77
2021-06-18 08:00:00,352.45,356.85,327.0,336.79,3633095.61
2021-06-19 08:00:00,336.79,345.12,331.02,333.77,2454096.95
2021-06-20 08:00:00,333.77,340.46,310.0,338.98,4070183.08
2021-06-21 08:00:00,338.98,342.36,268.0,270.33,8257621.62
2021-06-22 08:00:00,270.31,291.02,225.0,261.92,12127953.13
2021-06-23 08:00:00,261.92,310.83,250.55,295.69,6846050.95
2021-06-24 08:00:00,295.68,316.65,281.12,308.53,5626601.08
2021-06-25 08:00:00,308.52,314.8,275.16,280.75,5858593.97
2021-06-26 08:00:00,280.74,290.49,263.84,279.38,5221781.82
2021-06-27 08:00:00,279.4,291.59,269.24,290.7,4111881.49
2021-06-28 08:00:00,290.7,299.45,283.4,289.82,4282419.76
2021-06-29 08:00:00,289.82,315.64,289.08,300.76,4930215.22
2021-06-30 08:00:00,300.76,304.76,281.3,303.44,4613417.99
2021-07-01 08:00:00,303.5,303.84,280.1,287.38,3582374.05
2021-07-02 08:00:00,287.38,290.57,275.93,286.83,3013603.58
2021-07-03 08:00:00,286.84,303.33,282.5,298.07,2700344.69
2021-07-04 08:00:00,298.1,314.88,292.5,307.58,3191271.1
2021-07-05 08:00:00,307.59,307.6,292.11,301.98,3705285.69
2021-07-06 08:00:00,302.0,322.39,301.68,319.5,4857453.02
2021-07-07 08:00:00,319.5,339.44,318.04,327.41,4382399.91
2021-07-08 08:00:00,327.43,328.27,304.1,309.78,4493527.52
2021-07-09 08:00:00,309.77,319.36,301.52,316.86,2912055.37
2021-07-10 08:00:00,316.86,321.0,310.3,316.11,2271201.24
2021-07-11 08:00:00,316.1,326.72,312.0,321.8,2329832.32
2021-07-12 08:00:00,321.81,334.0,308.21,315.56,3721832.81
2021-07-13 08:00:00,315.53,318.0,305.11,308.82,2943422.65
2021-07-14 08:00:00,308.82,313.26,290.0,309.23,3895142.52
2021-07-15 08:00:00,309.23,323.98,301.11,315.78,5683751.77
2021-07-16 08:00:00,315.78,323.31,301.68,302.71,3981862.91
2021-07-17 08:00:00,302.7,306.4,293.7,300.08,3257255.43
2021-07-18 08:00:00,300.11,308.88,298.32,301.77,2491017.48
2021-07-19 08:00:00,301.78,303.46,278.0,280.27,3841360.33
2021-07-20 08:00:00,280.25,283.32,253.64,264.19,5353473.1
2021-07-21 08:00:00,264.19,299.0,260.6,293.07,4954440.85
2021-07-22 08:00:00,293.1,298.45,287.25,293.0,2856903.0
2021-07-23 08:00:00,293.01,301.34,281.05,299.27,3498940.29
2021-07-24 08:00:00,299.32,307.92,295.4,301.47,2610939.96
2021-07-25 08:00:00,301.46,303.92,292.2,302.17,2095153.03
2021-07-26 08:00:00,302.17,329.05,300.62,303.8,5072279.52
2021-07-27 08:00:00,303.79,318.28,297.32,313.24,3421048.69
2021-07-28 08:00:00,313.21,318.73,307.31,313.67,2805883.55
2021-07-29 08:00:00,313.66,320.53,308.05,317.15,2207945.46
2021-07-30 08:00:00,317.12,326.0,306.0,322.78,2709294.99
2021-07-31 08:00:00,322.81,338.81,317.34,332.5,2763203.88
2021-08-01 08:00:00,332.5,348.15,328.68,332.57,3004681.91
2021-08-02 08:00:00,332.58,338.22,326.36,330.53,2095323.08
2021-08-03 08:00:00,330.56,334.7,317.08,323.46,1931080.62
2021-08-04 08:00:00,323.46,337.19,319.67,334.88,1731136.84
2021-08-05 08:00:00,334.87,340.26,323.55,338.11,2361094.05
2021-08-06 08:00:00,338.08,347.46,330.95,342.28,2191512.01
2021-08-07 08:00:00,342.27,359.99,340.31,356.25,2630137.34
2021-08-08 08:00:00,356.25,360.0,337.03,341.99,2301382.72
2021-08-09 08:00:00,342.0,357.82,333.35,354.46,2406936.13
2021-08-10 08:00:00,354.46,377.34,348.7,372.03,3493320.6
2021-08-11 08:00:00,372.03,409.5,371.17,391.24,3365353.41
2021-08-12 08:00:00,391.23,406.95,371.77,385.8,3557165.77
2021-08-13 08:00:00,385.82,411.72,383.0,411.21,2659844.38
2021-08-14 08:00:00,411.26,419.54,400.0,408.9,2675312.05
2021-08-15 08:00:00,408.9,415.42,396.44,414.4,2007683.55
2021-08-16 08:00:00,414.4,437.92,411.35,415.83,3266173.81
2021-08-17 08:00:00,415.84,436.37,398.66,402.07,3547052.11
2021-08-18 08:00:00,402.12,412.48,384.92,396.21,3075110.14
2021-08-19 08:00:00,396.31,432.3,391.0,431.51,3046364.58
2021-08-20 08:00:00,431.51,458.83,422.03,455.29,2787681.35
2021-08-21 08:00:00,455.3,460.89,445.0,449.25,2472011.57
2021-08-22 08:00:00,449.26,459.0,438.1,449.22,1886759.17
2021-08-23 08:00:00,449.21,510.75,447.23,499.18,5487836.43
2021-08-24 08:00:00,499.19,505.23,461.0,472.23,3726404.71
2021-08-25 08:00:00,472.22,507.76,470.02,503.49,3995276.27
2021-08-26 08:00:00,503.49,519.82,471.0,478.14,4464562.6
2021-08-27 08:00:00,478.24,496.97,467.2,494.95,3079406.89
2021-08-28 08:00:00,495.04,497.56,482.79,486.61,1514514.8
2021-08-29 08:00:00,486.61,496.4,476.11,480.06,1795835.56
2021-08-30 08:00:00,480.04,481.6,457.16,460.29,2117647.15
2021-08-31 08:00:00,460.28,477.85,451.84,464.44,2649162.43
2021-09-01 08:00:00,464.48,490.73,455.64,489.5,2595281.26
2021-09-02 08:00:00,489.5,505.44,478.0,484.08,2643356.52
2021-09-03 08:00:00,484.07,495.05,473.0,488.78,2116484.05
2021-09-04 08:00:00,488.82,511.04,485.55,498.42,2877936.65
2021-09-05 08:00:00,498.47,506.53,488.87,505.71,2014374.36
2021-09-06 08:00:00,505.7,510.55,487.0,496.29,2232675.48
2021-09-07 08:00:00,496.3,505.88,332.95,418.7,6374268.49
2021-09-08 08:00:00,418.68,425.32,381.8,414.84,3459886.66
2021-09-09 08:00:00,414.83,436.64,403.73,421.41,2468629.84
2021-09-10 08:00:00,421.41,439.86,393.24,401.38,2411688.31
2021-09-11 08:00:00,401.38,415.25,399.55,404.81,1338390.91
2021-09-12 08:00:00,404.9,421.67,397.49,416.43,1441281.72
2021-09-13 08:00:00,416.54,419.75,381.36,399.1,2345691.41
2021-09-14 08:00:00,399.05,414.56,395.84,414.28,1429584.31
2021-09-15 08:00:00,414.3,436.69,410.14,431.28,1874783.24
2021-09-16 08:00:00,431.28,433.41,416.0,424.49,1659943.17
2021-09-17 08:00:00,424.48,426.25,400.0,407.14,1448756.71
2021-09-18 08:00:00,407.15,420.39,401.8,410.75,1022237.11
2021-09-19 08:00:00,410.75,419.3,403.17,408.74,1237688.25
2021-09-20 08:00:00,408.77,409.99,353.42,364.15,3409293.39
2021-09-21 08:00:00,364.2,375.52,335.72,344.26,2808203.99
2021-09-22 08:00:00,344.33,379.66,341.89,378.82,1733951.3
2021-09-23 08:00:00,378.83,384.45,369.0,383.36,1424982.96
2021-09-24 08:00:00,383.31,385.0,333.3,354.98,2616311.23
2021-09-25 08:00:00,354.94,360.73,343.35,349.39,1471344.26
2021-09-26 08:00:00,349.38,352.54,319.05,343.93,2648997.24
2021-09-27 08:00:00,343.91,357.69,334.63,335.03,1573105.43
2021-09-28 08:00:00,334.99,344.46,329.49,332.87,1480506.68
2021-09-29 08:00:00,332.86,374.98,331.16,366.68,3193601.65
2021-09-30 08:00:00,366.68,388.53,365.2,386.87,2342233.68
2021-10-01 08:00:00,386.9,422.99,380.88,421.19,2740779.91
2021-10-02 08:00:00,421.25,438.14,410.53,426.63,1849131.26
2021-10-03 08:00:00,426.64,436.99,421.26,430.1,1496837.32
2021-10-04 08:00:00,430.11,430.38,410.31,426.22,1752180.91
2021-10-05 08:00:00,426.19,444.16,423.63,441.86,1693731.82
2021-10-06 08:00:00,441.87,442.46,414.5,434.59,2148062.1
2021-10-07 08:00:00,434.6,450.67,422.84,438.26,1996101.31
2021-10-08 08:00:00,438.26,441.63,416.01,419.38,2130795.2
2021-10-09 08:00:00,419.38,426.15,416.17,422.31,961338.35
2021-10-10 08:00:00,422.31,422.58,401.33,404.1,1370097.95
2021-10-11 08:00:00,404.11,424.46,399.74,413.36,1406226.85
2021-10-12 08:00:00,413.36,445.0,392.14,444.72,4640823.04
2021-10-13 08:00:00,444.73,471.77,433.0,470.18,7057279.47
2021-10-14 08:00:00,470.17,482.27,460.11,472.05,2477903.86
2021-10-15 08:00:00,472.04,477.4,451.48,474.19,2472831.89
2021-10-16 08:00:00,474.18,485.0,455.0,465.01,1725462.12
2021-10-17 08:00:00,465.02,471.23,451.84,470.82,1335988.84
2021-10-18 08:00:00,470.74,487.67,465.55,484.64,2036957.1
2021-10-19 08:00:00,484.6,497.5,478.21,487.01,1697627.88
2021-10-20 08:00:00,486.99,506.66,480.0,500.76,1581775.06
2021-10-21 08:00:00,500.77,505.46,464.62,471.35,3216610.62
2021-10-22 08:00:00,471.31,498.51,471.24,479.79,2057825.78
2021-10-23 08:00:00,479.77,486.27,473.14,486.17,870750.58
2021-10-24 08:00:00,486.2,487.0,468.19,476.29,862521.13
2021-10-25 08:00:00,476.29,489.03,475.32,485.4,833991.56
2021-10-26 08:00:00,485.41,490.7,473.57,478.48,977459.18
2021-10-27 08:00:00,478.5,486.89,429.9,448.65,2213199.66
2021-10-28 08:00:00,448.65,495.05,446.5,492.08,2095795.42
2021-10-29 08:00:00,492.09,534.3,487.32,530.72,2235759.06
2021-10-30 08:00:00,530.73,541.61,510.45,528.95,1516125.34
2021-10-31 08:00:00,528.96,535.39,508.07,524.42,1276264.15
2021-11-01 08:00:00,524.44,551.8,511.0,551.12,1733053.9
2021-11-02 08:00:00,551.11,564.28,537.2,554.59,1246273.32
2021-11-03 08:00:00,554.63,570.0,537.62,568.48,1446943.7
2021-11-04 08:00:00,568.48,568.82,543.97,558.86,1128249.32
2021-11-05 08:00:00,558.87,618.32,554.51,606.43,2855138.92
2021-11-06 08:00:00,606.43,638.0,595.22,637.56,2076726.48
2021-11-07 08:00:00,637.55,669.75,630.0,649.57,2480815.87
2021-11-08 08:00:00,649.56,655.87,632.32,653.56,1716134.79
2021-11-09 08:00:00,653.54,656.93,632.66,635.2,1104634.36
2021-11-10 08:00:00,635.21,662.8,570.0,613.61,2613868.15
2021-11-11 08:00:00,613.61,635.0,605.31,628.21,1174451.1
2021-11-12 08:00:00,628.17,634.36,602.29,626.27,1311896.73
2021-11-13 08:00:00,626.27,654.5,618.67,648.49,1098843.62
2021-11-14 08:00:00,648.49,659.98,634.0,650.2,1150491.68
2021-11-15 08:00:00,650.28,659.28,630.0,633.44,1028971.65
2021-11-16 08:00:00,633.45,634.5,568.0,588.76,2893976.59
2021-11-17 08:00:00,588.73,592.87,554.0,578.41,1792588.04
2021-11-18 08:00:00,578.4,588.47,516.36,532.13,2058960.15
2021-11-19 08:00:00,532.2,585.72,524.2,580.98,1702090.28
2021-11-20 08:00:00,580.98,604.94,573.3,604.66,1250267.69
2021-11-21 08:00:00,604.62,605.43,580.27,584.2,931950.31
2021-11-22 08:00:00,584.25,585.54,554.21,559.79,1335413.88
2021-11-23 08:00:00,559.78,605.7,558.16,591.6,1587689.7
2021-11-24 08:00:00,591.59,594.95,577.31,590.56,1336008.74
2021-11-25 08:00:00,590.56,647.49,587.67,639.3,1874586.4
2021-11-26 08:00:00,639.35,658.94,564.49,587.71,3394718.12
2021-11-27 08:00:00,587.65,621.16,583.9,600.19,1641391.03
2021-11-28 08:00:00,600.18,612.99,571.8,611.52,1819230.49
2021-11-29 08:00:00,611.45,629.71,602.25,624.25,1384038.91
2021-11-30 08:00:00,624.25,635.4,603.76,622.59,1794704.69
2021-12-01 08:00:00,622.65,650.75,619.23,627.45,1794699.14
2021-12-02 08:00:00,627.45,630.95,605.5,620.37,1365181.55
2021-12-03 08:00:00,620.37,628.29,570.77,595.17,1708149.77
2021-12-04 08:00:00,595.18,596.29,484.18,568.07,3061320.83
2021-12-05 08:00:00,568.07,581.63,541.1,557.65,1433343.11
2021-12-06 08:00:00,557.64,592.69,533.22,586.8,2328610.59
2021-12-07 08:00:00,586.77,592.59,571.45,578.34,1243614.83
2021-12-08 08:00:00,578.34,607.23,566.42,607.05,1363455.72
2021-12-09 08:00:00,607.05,616.68,567.29,569.26,1407982.36
2021-12-10 08:00:00,569.27,593.94,550.0,551.94,1399292.18
2021-12-11 08:00:00,551.85,572.51,541.41,564.12,1100350.28
2021-12-12 08:00:00,564.11,574.41,558.51,569.58,718484.56
2021-12-13 08:00:00,569.59,571.65,510.55,520.75,1397026.25
2021-12-14 08:00:00,520.77,534.9,509.78,527.86,1556236.83
2021-12-15 08:00:00,527.83,546.54,501.5,541.18,1551135.35
2021-12-16 08:00:00,541.21,545.34,524.65,526.0,948522.62
2021-12-17 08:00:00,526.01,536.04,510.81,525.5,1196478.07
2021-12-18 08:00:00,525.51,537.87,516.58,533.68,748482.54
2021-12-19 08:00:00,533.68,544.82,527.42,529.71,687353.33
2021-12-20 08:00:00,529.72,534.93,506.0,523.96,892049.82
2021-12-21 08:00:00,523.96,536.01,517.17,528.46,784766.17
2021-12-22 08:00:00,528.51,545.49,527.25,533.74,854668.14
2021-12-23 08:00:00,533.75,552.46,524.33,548.92,938808.37
2021-12-24 08:00:00,548.94,554.46,537.08,542.2,819032.07
2021-12-25 08:00:00,542.21,550.95,539.29,547.5,529846.08
2021-12-26 08:00:00,547.5,549.0,536.0,546.43,618507.66
2021-12-27 08:00:00,546.5,571.99,543.2,563.79,973552.41
2021-12-28 08:00:00,563.79,563.98,528.31,534.13,1282144.16
2021-12-29 08:00:00,534.12,540.55,510.09,514.49,776927.14
2021-12-30 08:00:00,514.49,527.59,508.0,518.41,724739.45
2021-12-31 08:00:00,518.4,528.0,506.01,511.56,898734.52
2022-01-01 08:00:00,511.55,528.16,511.43,527.34,603346.1
2022-01-02 08:00:00,527.36,533.9,518.01,530.91,572079.85
2022-01-03 08:00:00,530.92,533.0,510.41,512.24,795766.94
2022-01-04 08:00:00,512.24,519.85,502.0,506.88,1042411.2
2022-01-05 08:00:00,506.88,515.92,456.2,473.95,1450747.64
2022-01-06 08:00:00,474.0,480.96,458.65,472.46,1298011.04
2022-01-07 08:00:00,472.47,473.76,437.08,448.1,1506628.68
2022-01-08 08:00:00,448.1,459.65,415.46,429.59,1252328.01
2022-01-09 08:00:00,429.6,444.14,426.72,438.33,850190.24
2022-01-10 08:00:00,438.31,445.21,406.46,424.54,1611421.86
2022-01-11 08:00:00,424.51,467.4,421.22,462.87,1769764.64
2022-01-12 08:00:00,462.89,488.41,456.26,487.5,1262509.7
2022-01-13 08:00:00,487.47,488.5,465.86,474.36,1247882.49
2022-01-14 08:00:00,474.29,492.28,466.39,489.51,1175474.83
2022-01-15 08:00:00,489.5,500.27,484.01,493.75,830556.69
2022-01-16 08:00:00,493.75,504.87,488.02,497.95,826029.49
2022-01-17 08:00:00,497.94,498.2,466.47,474.69,1286243.88
2022-01-18 08:00:00,474.69,479.0,456.8,470.53,1175521.67
2022-01-19 08:00:00,470.54,472.59,453.3,461.54,1096429.8
2022-01-20 08:00:00,461.53,478.34,438.1,440.05,1851504.99
2022-01-21 08:00:00,440.07,444.57,373.11,383.57,2443646.22
2022-01-22 08:00:00,383.62,388.98,335.68,358.34,3012172.61
2022-01-23 08:00:00,358.33,388.97,356.18,383.87,1910787.44
2022-01-24 08:00:00,383.86,383.9,336.0,370.93,2416219.8
2022-01-25 08:00:00,370.94,387.9,357.32,384.8,1481220.47
2022-01-26 08:00:00,384.8,402.42,366.0,374.75,1779097.73
2022-01-27 08:00:00,374.78,392.88,359.28,389.36,1635176.05
2022-01-28 08:00:00,389.37,396.39,375.26,385.84,1690112.66
2022-01-29 08:00:00,385.83,397.34,380.53,389.04,1114435.13
2022-01-30 08:00:00,389.04,389.27,372.13,376.84,981385.0
2022-01-31 08:00:00,376.84,385.1,364.77,374.38,1151928.43
2022-02-01 08:00:00,374.4,388.55,373.6,383.93,1093014.2
2022-02-02 08:00:00,383.93,385.97,366.0,366.94,1042518.69
2022-02-03 08:00:00,367.01,372.35,359.15,372.08,959358.35
2022-02-04 08:00:00,372.07,399.42,369.09,399.33,1407258.11
2022-02-05 08:00:00,399.33,430.37,396.14,413.37,1835500.32
2022-02-06 08:00:00,413.37,421.57,406.28,419.64,964364.54
2022-02-07 08:00:00,419.67,438.58,412.79,433.15,1172317.29
2022-02-08 08:00:00,433.14,445.48,406.26,407.94,1455518.29
2022-02-09 08:00:00,407.96,427.49,407.22,422.57,1164173.38
2022-02-10 08:00:00,422.56,435.13,409.59,414.36,1689843.5
2022-02-11 08:00:00,414.37,418.6,392.5,399.81,1228674.22
2022-02-12 08:00:00,399.81,406.99,393.09,403.46,883203.51
2022-02-13 08:00:00,403.48,407.66,394.38,397.82,735432.63
2022-02-14 08:00:00,397.83,404.42,390.31,403.29,876802.26
2022-02-15 08:00:00,403.29,443.3,402.67,432.08,1891608.21
2022-02-16 08:00:00,432.09,433.5,421.91,426.98,1068550.6
2022-02-17 08:00:00,426.98,430.86,399.52,401.98,1194826.95
2022-02-18 08:00:00,402.02,410.96,391.85,398.89,1103745.27
2022-02-19 08:00:00,398.89,406.34,392.57,399.43,782602.83
2022-02-20 08:00:00,399.49,399.77,374.61,380.31,1228339.57
2022-02-21 08:00:00,380.31,393.41,354.64,356.35,2066878.13
2022-02-22 08:00:00,356.34,375.35,347.87,373.94,1624665.92
2022-02-23 08:00:00,373.99,384.21,365.02,365.41,1184214.06
2022-02-24 08:00:00,365.41,370.77,323.02,360.8,3108326.69
2022-02-25 08:00:00,360.81,377.18,356.41,374.67,1258672.16
2022-02-26 08:00:00,374.7,392.79,370.05,373.44,910065.37
2022-02-27 08:00:00,373.46,381.17,357.87,359.98,1137035.75
2022-02-28 08:00:00,359.97,397.37,355.52,395.5,1485043.23
2022-03-01 08:00:00,395.47,429.36,390.97,408.56,2327829.24
2022-03-02 08:00:00,408.61,415.46,403.41,408.95,1153475.22
2022-03-03 08:00:00,408.95,412.76,397.11,402.25,962575.97
2022-03-04 08:00:00,402.24,403.27,371.5,374.05,1197130.93
2022-03-05 08:00:00,374.05,387.22,366.62,384.38,865309.88
2022-03-06 08:00:00,384.41,387.0,372.16,374.64,813431.18
2022-03-07 08:00:00,374.68,385.62,362.36,380.13,1604861.57
2022-03-08 08:00:00,380.12,388.8,376.59,380.99,1340264.2
2022-03-09 08:00:00,381.02,402.45,380.71,392.96,1598742.55
2022-03-10 08:00:00,392.96,394.36,362.76,371.77,1230312.39
2022-03-11 08:00:00,371.75,379.81,364.44,371.8,921756.69
2022-03-12 08:00:00,371.79,379.13,370.65,372.13,562882.47
2022-03-13 08:00:00,372.13,376.99,359.53,361.06,716405.55
2022-03-14 08:00:00,361.06,374.0,359.05,373.27,810016.97
2022-03-15 08:00:00,373.28,374.71,361.35,371.51,740553.28
2022-03-16 08:00:00,371.51,386.6,367.6,385.25,1087376.63
2022-03-17 08:00:00,385.24,393.64,381.58,391.74,806632.7
2022-03-18 08:00:00,391.75,400.3,383.71,396.9,843935.7
2022-03-19 08:00:00,396.91,406.39,394.67,399.71,726942.69
2022-03-20 08:00:00,399.7,400.87,386.22,390.74,616312.91
2022-03-21 08:00:00,390.74,399.16,385.14,395.81,714847.88
2022-03-22 08:00:00,395.82,410.0,394.78,404.05,920796.38
2022-03-23 08:00:00,404.04,411.87,397.74,408.36,788232.23
2022-03-24 08:00:00,408.35,416.55,404.88,414.08,902179.94
2022-03-25 08:00:00,414.09,421.62,405.31,410.15,898707.94
2022-03-26 08:00:00,410.16,416.29,407.23,415.64,466483.97
2022-03-27 08:00:00,415.64,431.72,411.4,430.49,741824.79
2022-03-28 08:00:00,430.48,441.13,427.55,430.43,1045694.35
2022-03-29 08:00:00,430.41,442.0,429.49,434.28,860089.24
2022-03-30 08:00:00,434.27,449.75,425.5,442.17,1053441.85
2022-03-31 08:00:00,442.17,452.7,423.82,428.75,1231302.11
2022-04-01 08:00:00,428.71,448.24,413.01,447.66,1117025.02
2022-04-02 08:00:00,447.66,454.37,435.51,437.3,815505.1
2022-04-03 08:00:00,437.29,455.9,432.01,450.52,735504.22
2022-04-04 08:00:00,450.48,450.67,433.39,447.51,855867.61
2022-04-05 08:00:00,447.51,460.0,444.01,444.58,938054.31
2022-04-06 08:00:00,444.59,444.67,418.04,419.93,1263497.48
2022-04-07 08:00:00,419.87,438.43,416.01,435.78,1094866.9
2022-04-08 08:00:00,435.75,441.0,418.1,421.27,896736.16
2022-04-09 08:00:00,421.23,427.98,419.5,426.48,466443.41
2022-04-10 08:00:00,426.48,429.54,416.54,417.75,597495.62
2022-04-11 08:00:00,417.74,419.43,391.0,394.25,1225224.67
2022-04-12 08:00:00,394.25,416.81,392.1,413.47,1157766.33
2022-04-13 08:00:00,413.47,424.49,410.08,423.02,1256009.65
2022-04-14 08:00:00,423.03,426.87,411.1,414.58,760757.57
2022-04-15 08:00:00,414.58,419.86,412.41,416.94,560730.82
2022-04-16 08:00:00,416.95,418.89,411.5,417.14,400183.81
2022-04-17 08:00:00,417.15,418.2,405.28,406.37,488529.64
2022-04-18 08:00:00,406.37,417.85,395.75,416.67,964721.27
2022-04-19 08:00:00,416.7,424.5,414.53,422.16,842773.91
2022-04-20 08:00:00,422.15,431.44,414.56,418.03,856260.64
2022-04-21 08:00:00,418.02,426.0,400.72,404.67,931774.15
2022-04-22 08:00:00,404.66,413.87,403.16,406.45,759932.92
2022-04-23 08:00:00,406.45,408.06,396.0,400.84,510375.51
2022-04-24 08:00:00,400.84,405.12,396.96,398.63,448935.69
2022-04-25 08:00:00,398.62,405.83,381.79,404.11,1100960.85
2022-04-26 08:00:00,404.12,407.51,380.45,385.67,958912.49
2022-04-27 08:00:00,385.65,394.72,383.1,391.21,801963.01
2022-04-28 08:00:00,391.22,408.43,388.17,406.8,1282360.05
2022-04-29 08:00:00,406.8,410.45,389.46,392.69,916921.92
2022-04-30 08:00:00,392.69,399.85,375.73,376.52,780989.76
2022-05-01 08:00:00,376.52,391.28,374.9,389.6,750979.93
2022-05-02 08:00:00,389.55,392.35,381.91,389.32,706575.94
2022-05-03 08:00:00,389.32,392.17,379.5,383.52,564647.53
2022-05-04 08:00:00,383.52,402.93,382.4,402.29,840117.47
2022-05-05 08:00:00,402.3,414.0,370.0,378.06,1978236.02
2022-05-06 08:00:00,378.06,383.2,370.32,378.89,1003890.61
2022-05-07 08:00:00,378.89,380.51,359.75,365.3,784221.28
2022-05-08 08:00:00,365.3,366.92,349.01,355.73,1075905.35
2022-05-09 08:00:00,355.75,359.19,294.68,295.5,2629604.41
2022-05-10 08:00:00,295.47,332.56,288.37,318.9,2881545.74
2022-05-11 08:00:00,318.9,322.81,260.04,271.26,3559749.91
2022-05-12 08:00:00,271.26,285.05,216.39,268.54,5510005.36
2022-05-13 08:00:00,268.54,313.25,265.03,290.45,2530481.62
2022-05-14 08:00:00,290.43,299.27,271.68,296.66,1586861.01
2022-05-15 08:00:00,296.65,312.67,285.26,312.05,1278913.47
2022-05-16 08:00:00,312.06,312.2,290.0,297.0,1530734.98
2022-05-17 08:00:00,297.03,310.53,295.78,305.91,1229899.76
2022-05-18 08:00:00,305.91,308.44,286.26,287.36,1385025.13
2022-05-19 08:00:00,287.42,308.93,286.32,306.7,1485233.57
2022-05-20 08:00:00,306.75,316.4,293.71,301.95,1975481.57
2022-05-21 08:00:00,301.95,313.98,298.99,312.13,961901.74
2022-05-22 08:00:00,312.14,323.6,311.18,319.1,1297813.2
2022-05-23 08:00:00,319.06,336.9,315.0,316.92,2154002.89
2022-05-24 08:00:00,316.92,330.45,311.51,328.14,2287314.91
2022-05-25 08:00:00,328.13,337.88,323.6,325.37,1913889.89
2022-05-26 08:00:00,325.37,331.83,295.0,302.65,3015380.05
2022-05-27 08:00:00,302.58,309.75,290.2,301.36,2732795.38
2022-05-28 08:00:00,301.37,310.67,296.62,307.26,1306482.06
2022-05-29 08:00:00,307.27,307.95,298.18,305.67,1279213.55
2022-05-30 08:00:00,305.67,323.97,303.69,321.57,2026665.34
2022-05-31 08:00:00,321.61,324.82,313.18,320.86,1436771.0
2022-06-01 08:00:00,320.85,324.6,297.15,300.25,1818491.01
2022-06-02 08:00:00,300.29,309.12,297.88,308.18,1131724.91
2022-06-03 08:00:00,308.18,310.19,293.0,298.36,1259528.89
2022-06-04 08:00:00,298.36,303.0,294.38,301.21,833671.36
2022-06-05 08:00:00,301.24,302.48,294.47,298.95,969504.78
2022-06-06 08:00:00,298.91,312.62,286.8,294.77,2209575.08
2022-06-07 08:00:00,294.77,295.98,273.2,290.15,3697795.19
2022-06-08 08:00:00,290.17,294.57,283.73,288.26,1576192.59
2022-06-09 08:00:00,288.27,293.35,286.06,289.64,967259.86
2022-06-10 08:00:00,289.64,299.3,282.18,286.07,2288187.72
2022-06-11 08:00:00,286.07,290.49,264.9,269.67,2106150.18
2022-06-12 08:00:00,269.67,271.84,250.59,254.55,2478261.99
2022-06-13 08:00:00,254.51,257.76,213.0,222.84,5576953.34
2022-06-14 08:00:00,222.81,231.34,203.81,222.98,4321800.76
2022-06-15 08:00:00,222.99,234.56,198.14,233.51,5239003.76
2022-06-16 08:00:00,233.47,237.2,207.51,210.13,2981163.47
2022-06-17 08:00:00,210.13,221.97,207.63,215.64,2285712.78
2022-06-18 08:00:00,215.64,218.99,182.97,196.8,4412167.33
2022-06-19 08:00:00,196.79,216.8,189.53,214.86,3281401.39
2022-06-20 08:00:00,214.86,219.58,204.51,216.37,2715520.8
2022-06-21 08:00:00,216.35,228.22,212.94,219.9,2327216.72
2022-06-22 08:00:00,219.92,220.8,211.0,214.02,2090339.67
2022-06-23 08:00:00,214.03,230.67,213.79,228.65,2632988.92
2022-06-24 08:00:00,228.66,243.4,228.1,240.03,2135265.94
2022-06-25 08:00:00,240.04,242.0,229.33,239.49,1612632.23
2022-06-26 08:00:00,239.45,245.46,233.0,233.8,1462174.58
2022-06-27 08:00:00,233.8,240.9,229.9,233.62,1585578.32
2022-06-28 08:00:00,233.62,242.59,225.67,226.8,2205991.91
2022-06-29 08:00:00,226.8,229.55,215.21,219.55,1990015.12
2022-06-30 08:00:00,219.57,220.11,205.42,219.42,2338381.16
2022-07-01 08:00:00,219.43,226.66,213.31,216.65,2399212.5
2022-07-02 08:00:00,216.69,219.68,213.59,218.14,1293629.91
2022-07-03 08:00:00,218.15,220.2,213.93,218.97,1381108.61
2022-07-04 08:00:00,218.95,232.13,214.5,231.4,1805898.46
2022-07-05 08:00:00,231.39,236.43,222.71,230.53,2325401.85
2022-07-06 08:00:00,230.55,239.98,228.8,238.36,2122998.63
2022-07-07 08:00:00,238.37,243.71,235.06,241.24,1683314.33
2022-07-08 08:00:00,241.25,249.0,236.8,240.45,2011203.3
2022-07-09 08:00:00,240.46,244.98,240.43,243.09,932609.22
2022-07-10 08:00:00,243.1,243.29,231.51,234.57,1275968.45
2022-07-11 08:00:00,234.57,234.88,224.81,225.43,1376849.69
2022-07-12 08:00:00,225.43,228.17,219.9,220.33,1431523.63
2022-07-13 08:00:00,220.34,230.9,216.13,230.28,2388838.89
2022-07-14 08:00:00,230.29,240.0,226.88,238.46,1931864.91
2022-07-15 08:00:00,238.46,242.6,235.35,238.46,1356107.34
2022-07-16 08:00:00,238.46,251.57,233.71,249.75,1615908.49
2022-07-17 08:00:00,249.71,255.64,246.4,247.63,1551025.94
2022-07-18 08:00:00,247.64,265.63,247.5,263.96,1994212.49
2022-07-19 08:00:00,263.96,274.77,255.65,268.54,2121950.7
2022-07-20 08:00:00,268.55,271.88,256.28,258.11,1837624.34
2022-07-21 08:00:00,258.11,265.88,250.49,265.49,1468808.37
2022-07-22 08:00:00,265.45,271.36,261.07,262.28,1325475.63
2022-07-23 08:00:00,262.28,272.71,252.51,258.9,1638795.61
2022-07-24 08:00:00,258.91,266.22,257.08,261.19,1053232.77
2022-07-25 08:00:00,261.2,262.59,244.01,244.5,1527082.05
2022-07-26 08:00:00,244.51,249.56,239.4,249.31,1352071.63
2022-07-27 08:00:00,249.29,272.1,247.39,271.54,2116504.58
2022-07-28 08:00:00,271.54,280.93,263.6,277.1,2070397.14
2022-07-29 08:00:00,277.1,302.57,274.77,293.9,3100487.69
2022-07-30 08:00:00,293.9,300.5,284.92,287.76,1937426.74
2022-07-31 08:00:00,287.8,297.26,282.03,283.31,1435179.37
2022-08-01 08:00:00,283.32,290.55,277.85,283.12,1372291.85
2022-08-02 08:00:00,283.12,291.27,274.09,283.66,1897902.05
2022-08-03 08:00:00,283.68,305.9,278.07,297.53,2378613.59
2022-08-04 08:00:00,297.54,313.67,297.13,311.71,3251014.13
2022-08-05 08:00:00,311.72,321.34,308.0,315.7,2608972.56
2022-08-06 08:00:00,315.7,322.99,312.59,315.14,1674866.78
2022-08-07 08:00:00,315.14,326.0,308.21,322.77,2115584.57
2022-08-08 08:00:00,322.77,333.99,321.0,324.55,2343153.95
2022-08-09 08:00:00,324.54,328.5,312.06,324.3,2054151.89
2022-08-10 08:00:00,324.3,336.9,313.47,328.66,3111154.02
2022-08-11 08:00:00,328.66,334.68,321.65,323.29,1863553.58
2022-08-12 08:00:00,323.29,328.0,317.51,327.88,1635804.27
2022-08-13 08:00:00,327.9,333.0,322.5,324.0,1567750.15
2022-08-14 08:00:00,324.0,330.8,315.43,317.6,1483287.31
2022-08-15 08:00:00,317.59,327.33,313.57,319.31,1833422.31
2022-08-16 08:00:00,319.29,322.29,311.69,315.94,1456876.1
2022-08-17 08:00:00,315.93,324.16,303.5,306.75,2133079.41
2022-08-18 08:00:00,306.79,310.4,295.22,297.96,1749054.81
2022-08-19 08:00:00,297.96,298.15,273.1,278.99,2892828.83
2022-08-20 08:00:00,278.99,288.86,276.55,283.41,1888916.0
2022-08-21 08:00:00,283.41,304.31,283.17,301.61,2477781.33
2022-08-22 08:00:00,301.61,305.0,288.54,299.82,2516372.94
2022-08-23 08:00:00,299.82,301.79,293.49,299.14,1806970.07
2022-08-24 08:00:00,299.15,300.42,293.87,296.06,1545887.35
2022-08-25 08:00:00,296.06,307.86,295.51,301.0,1567672.11
2022-08-26 08:00:00,301.01,302.33,276.96,279.3,2266589.53
2022-08-27 08:00:00,279.31,284.45,272.8,277.66,1560641.74
2022-08-28 08:00:00,277.66,283.9,275.3,276.23,1434597.32
2022-08-29 08:00:00,276.23,286.56,271.94,285.61,2162182.72
2022-08-30 08:00:00,285.62,291.94,276.21,281.42,2077157.11
2022-08-31 08:00:00,281.42,289.92,277.44,278.99,1806039.8
2022-09-01 08:00:00,278.99,280.21,270.29,278.18,1867642.32
2022-09-02 08:00:00,278.18,283.5,273.33,277.22,1572494.28
2022-09-03 08:00:00,277.21,278.66,274.0,277.64,696975.84
2022-09-04 08:00:00,277.64,280.68,274.74,278.98,887989.61
2022-09-05 08:00:00,278.97,282.47,273.03,276.7,1165569.09
2022-09-06 08:00:00,276.7,286.4,260.22,262.24,2492979.44
2022-09-07 08:00:00,262.23,280.68,257.74,278.95,1724893.13
2022-09-08 08:00:00,278.96,282.89,275.21,280.41,1542173.57
2022-09-09 08:00:00,280.41,295.95,279.89,293.14,1505091.93
2022-09-10 08:00:00,293.14,298.48,290.23,296.47,1025193.27
2022-09-11 08:00:00,296.47,297.89,289.35,295.07,804809.74
2022-09-12 08:00:00,295.07,300.0,290.56,293.81,1370480.1
2022-09-13 08:00:00,293.8,298.5,275.16,277.23,1856311.65
2022-09-14 08:00:00,277.22,282.58,273.0,279.14,1280447.11
2022-09-15 08:00:00,279.14,280.31,266.4,270.95,1450498.36
2022-09-16 08:00:00,270.94,276.33,268.22,274.76,1107493.71
2022-09-17 08:00:00,274.75,279.82,274.38,278.76,663363.7
2022-09-18 08:00:00,278.77,280.36,262.13,266.19,1178431.27
2022-09-19 08:00:00,266.18,273.09,256.3,271.8,1711658.62
2022-09-20 08:00:00,271.8,273.58,264.92,266.13,1095316.6
2022-09-21 08:00:00,266.13,276.47,260.0,263.7,1731144.8
2022-09-22 08:00:00,263.7,276.45,263.23,275.21,1259379.6
2022-09-23 08:00:00,275.21,277.6,268.1,276.45,1295727.7
2022-09-24 08:00:00,276.46,285.31,274.0,274.32,1469625.39
2022-09-25 08:00:00,274.32,279.86,270.9,274.04,1069732.24
2022-09-26 08:00:00,274.01,276.83,270.53,276.01,1101271.03
2022-09-27 08:00:00,276.0,286.65,268.0,272.03,1785896.47
2022-09-28 08:00:00,272.03,283.68,266.2,281.47,1536301.46
2022-09-29 08:00:00,281.47,285.45,276.88,284.04,1469398.95
2022-09-30 08:00:00,284.06,289.76,280.38,284.65,1610532.91
2022-10-01 08:00:00,284.65,285.3,277.6,282.8,773576.71
2022-10-02 08:00:00,282.81,287.99,279.24,284.63,978480.96
2022-10-03 08:00:00,284.63,288.99,283.0,286.83,1208709.28
2022-10-04 08:00:00,286.84,298.35,286.0,296.0,1277434.78
2022-10-05 08:00:00,295.99,296.12,289.19,293.98,917613.59
2022-10-06 08:00:00,293.98,297.8,278.0,286.76,2296853.58
2022-10-07 08:00:00,286.77,286.77,279.2,282.16,1779227.74
2022-10-08 08:00:00,282.15,282.59,275.27,276.23,848461.92
2022-10-09 08:00:00,276.24,279.42,275.02,278.2,696640.22
2022-10-10 08:00:00,278.19,279.1,271.14,271.47,1022889.84
2022-10-11 08:00:00,271.47,273.86,267.0,271.4,1091096.9
2022-10-12 08:00:00,271.39,272.88,269.18,270.8,750582.36
2022-10-13 08:00:00,270.8,273.66,255.0,271.4,2116323.33
2022-10-14 08:00:00,271.39,276.65,267.39,269.3,1135601.69
2022-10-15 08:00:00,269.3,271.32,267.18,267.96,509635.39
2022-10-16 08:00:00,267.96,273.74,267.72,272.31,600305.4
2022-10-17 08:00:00,272.31,275.82,269.51,275.54,734925.44
2022-10-18 08:00:00,275.53,275.9,270.12,272.99,795262.09
2022-10-19 08:00:00,272.98,273.87,270.2,271.78,630654.29
2022-10-20 08:00:00,271.79,273.29,267.1,268.8,798786.29
2022-10-21 08:00:00,268.81,271.08,263.09,269.88,979839.7
2022-10-22 08:00:00,269.89,271.06,268.12,270.27,375436.96
2022-10-23 08:00:00,270.28,276.64,268.42,275.73,652279.77
2022-10-24 08:00:00,275.74,277.38,271.38,274.02,671641.35
2022-10-25 08:00:00,274.03,289.75,271.78,284.04,1622059.68
2022-10-26 08:00:00,284.05,291.95,284.04,290.06,1194211.68
2022-10-27 08:00:00,290.04,293.22,284.42,286.67,1220581.89
2022-10-28 08:00:00,286.68,301.08,285.52,297.85,1703353.21
2022-10-29 08:00:00,297.85,308.42,295.47,304.42,2009675.24
2022-10-30 08:00:00,304.41,319.3,302.14,313.42,2119755.13
2022-10-31 08:00:00,313.42,337.88,306.41,325.59,4298471.38
2022-11-01 08:00:00,325.6,334.25,316.88,323.67,2154109.81
2022-11-02 08:00:00,323.66,329.63,315.01,319.98,2337902.08
2022-11-03 08:00:00,319.98,339.0,317.83,329.36,2702424.87
2022-11-04 08:00:00,329.35,358.99,327.97,354.36,3226092.61
2022-11-05 08:00:00,354.37,361.0,345.83,348.97,1660276.61
2022-11-06 08:00:00,348.96,356.33,337.42,337.69,1593381.25
2022-11-07 08:00:00,337.69,344.19,326.04,336.81,3006304.57
2022-11-08 08:00:00,336.81,399.91,298.17,326.95,12141918.87
2022-11-09 08:00:00,326.97,332.64,260.0,266.52,7429076.14
2022-11-10 08:00:00,266.53,311.93,262.11,303.84,4331441.11
2022-11-11 08:00:00,303.85,305.92,278.14,290.08,2500929.25
2022-11-12 08:00:00,290.08,293.43,271.31,282.67,1831003.82
2022-11-13 08:00:00,282.68,286.36,273.0,276.41,1365077.83
2022-11-14 08:00:00,276.4,292.16,267.58,278.85,2899668.01
2022-11-15 08:00:00,278.85,282.54,272.9,276.83,1941769.22
2022-11-16 08:00:00,276.89,280.23,268.22,271.7,1754311.85
2022-11-17 08:00:00,271.72,273.4,262.93,267.82,1763629.04
2022-11-18 08:00:00,267.82,274.78,267.51,273.89,1279304.52
2022-11-19 08:00:00,273.88,274.5,268.83,272.33,869212.92
2022-11-20 08:00:00,272.33,273.88,261.36,264.11,1227348.13
2022-11-21 08:00:00,264.11,265.08,249.12,253.92,2497180.85
2022-11-22 08:00:00,253.93,267.79,251.99,266.62,1727673.63
2022-11-23 08:00:00,266.64,302.16,264.8,298.49,4997029.01
2022-11-24 08:00:00,298.46,303.84,293.45,299.86,2634888.35
2022-11-25 08:00:00,299.86,306.61,293.63,300.43,2224501.41
2022-11-26 08:00:00,300.43,318.0,299.42,310.95,3043808.81
2022-11-27 08:00:00,310.96,316.31,305.94,307.36,1681129.74
2022-11-28 08:00:00,307.34,309.19,286.0,293.16,3108085.64
2022-11-29 08:00:00,293.16,304.99,288.51,295.13,2159345.9
2022-11-30 08:00:00,295.14,305.27,292.0,300.11,2627825.67
2022-12-01 08:00:00,300.1,301.53,290.12,292.3,3296858.67
2022-12-02 08:00:00,292.3,294.04,284.38,293.49,2024065.31
2022-12-03 08:00:00,293.49,294.5,288.98,290.35,1038670.52
2022-12-04 08:00:00,290.35,293.09,287.08,291.95,1004041.37
2022-12-05 08:00:00,291.94,297.25,286.01,288.39,1505984.56
2022-12-06 08:00:00,288.4,290.79,286.44,290.21,904184.64
2022-12-07 08:00:00,290.2,291.0,280.0,284.02,1151685.74
2022-12-08 08:00:00,284.01,291.99,282.29,290.34,1167705.79
2022-12-09 08:00:00,290.34,292.1,284.5,285.91,984260.54
2022-12-10 08:00:00,285.91,289.85,285.63,288.03,437168.02
2022-12-11 08:00:00,288.02,291.49,283.17,284.38,796560.71
2022-12-12 08:00:00,284.39,285.74,271.45,276.14,3088891.51
2022-12-13 08:00:00,276.14,282.36,255.34,272.34,8174597.75
2022-12-14 08:00:00,272.34,278.67,265.0,267.7,3748097.02
2022-12-15 08:00:00,267.7,268.14,256.5,258.85,2561799.65
2022-12-16 08:00:00,258.84,264.77,222.96,230.74,6245544.82
2022-12-17 08:00:00,230.73,245.0,218.93,241.75,6595404.85
2022-12-18 08:00:00,241.74,254.2,238.97,250.78,5162521.0
2022-12-19 08:00:00,250.77,252.87,236.46,240.23,4377059.47
2022-12-20 08:00:00,240.24,253.68,239.03,251.09,3425483.64
2022-12-21 08:00:00,251.1,251.35,245.0,246.07,1713273.14
2022-12-22 08:00:00,246.07,248.27,240.0,245.69,2368418.48
2022-12-23 08:00:00,245.7,248.74,243.33,245.95,1547434.48
2022-12-24 08:00:00,245.95,246.15,243.0,244.31,738879.96
2022-12-25 08:00:00,244.31,245.74,241.0,243.11,1155002.07
2022-12-26 08:00:00,243.11,244.9,241.71,244.26,865906.28
2022-12-27 08:00:00,244.26,250.0,242.0,246.52,1613541.3
2022-12-28 08:00:00,246.53,247.37,241.28,244.42,1708713.93
2022-12-29 08:00:00,244.42,246.81,243.14,246.12,1328638.57
2022-12-30 08:00:00,246.13,246.54,242.53,245.74,1108524.46
2022-12-31 08:00:00,245.73,248.0,244.73,246.11,821800.63
2023-01-01 08:00:00,246.11,246.59,243.25,244.36,793153.38
2023-01-02 08:00:00,244.35,247.88,240.4,245.07,1476135.06
2023-01-03 08:00:00,245.06,246.9,244.02,245.97,917619.33
2023-01-04 08:00:00,245.97,260.9,245.47,258.54,2601842.57
2023-01-05 08:00:00,258.55,258.9,255.0,256.44,1016972.84
2023-01-06 08:00:00,256.43,260.5,253.95,259.69,1642251.62
2023-01-07 08:00:00,259.69,264.0,259.21,261.11,722545.09
2023-01-08 08:00:00,261.1,277.0,259.83,274.7,1576056.16
2023-01-09 08:00:00,274.7,283.55,271.27,272.44,2398756.73
2023-01-10 08:00:00,272.44,278.65,270.07,277.02,1433539.8
2023-01-11 08:00:00,277.01,287.4,273.91,284.74,1506445.25
2023-01-12 08:00:00,284.74,288.67,276.51,287.52,2285067.64
2023-01-13 08:00:00,287.52,296.25,284.63,293.67,1784645.31
2023-01-14 08:00:00,293.67,315.3,293.15,305.25,3307812.49
2023-01-15 08:00:00,305.26,306.24,292.0,302.2,1490260.82
2023-01-16 08:00:00,302.2,308.19,293.0,299.02,1710474.04
2023-01-17 08:00:00,299.01,306.0,294.0,299.28,1351462.88
2023-01-18 08:00:00,299.28,305.48,281.1,286.44,2936274.92
2023-01-19 08:00:00,286.44,295.4,285.82,294.4,1188547.72
2023-01-20 08:00:00,294.39,305.66,286.69,305.24,2112548.65
2023-01-21 08:00:00,305.24,310.55,298.16,299.12,2167116.69
2023-01-22 08:00:00,299.13,312.0,298.45,303.19,1788927.68
2023-01-23 08:00:00,303.19,308.24,300.62,305.36,1372118.46
2023-01-24 08:00:00,305.35,324.08,299.1,300.32,3016081.57
2023-01-25 08:00:00,300.31,314.05,292.8,306.84,2146066.87
2023-01-26 08:00:00,306.84,309.49,301.3,304.68,1430128.86
2023-01-27 08:00:00,304.7,310.73,298.55,308.07,1219315.54
2023-01-28 08:00:00,308.07,310.58,306.72,307.41,121000.91
