time,open,high,low,close,Volume
1669876800,1283.06,1284.8,1282.8,1284.68,1630.1797
1669877100,1284.68,1285.36,1284.25,1285.12,997.8989
1669877400,1285.12,1286.12,1284.61,1285.21,968.2946
1669877700,1285.2,1285.39,1284.08,1284.52,566.3866
1669878000,1284.52,1284.81,1283.26,1283.27,701.8774
1669878300,1283.26,1283.27,1281.71,1282.19,1087.1741
1669878600,1282.18,1282.31,1280.63,1282.2,886.3498
1669878900,1282.18,1283.18,1281.79,1283.03,698.3978
1669879200,1283.04,1283.27,1280.94,1281.09,927.8978
1669879500,1281.08,1281.54,1280.46,1281.21,771.9936
1669879800,1281.22,1281.83,1280.07,1280.21,821.0774
1669880100,1280.21,1282.88,1280.17,1282.48,895.4344
1669880400,1282.49,1282.87,1281.84,1282.69,537.0204
1669880700,1282.69,1282.79,1282.27,1282.59,671.8694
1669881000,1282.59,1282.65,1279.3,1280.51,1122.0205
1669881300,1280.5,1281.39,1278.6,1278.76,1636.4445
1669881600,1278.76,1280.84,1278.71,1280.39,1185.0545
1669881900,1280.38,1280.97,1277.77,1277.77,1383.0032
1669882200,1277.78,1280,1277.28,1279.99,1386.0257
1669882500,1280,1281.46,1279.74,1280.65,871.3611
1669882800,1280.65,1281.02,1279.74,1280.38,951.5727
1669883100,1280.39,1280.71,1279.66,1279.67,1022.97
1669883400,1279.66,1280.49,1279.62,1280.27,1013.308
1669883700,1280.28,1281.72,1280.07,1281.55,1237.5144
1669884000,1281.55,1282.18,1281.37,1282.12,895.1134
1669884300,1282.13,1286.33,1281.84,1285.08,2441.4538
1669884600,1285.08,1285.47,1283.74,1284.36,1849.5814
1669884900,1284.37,1284.7,1283.78,1283.79,789.6827
1669885200,1283.79,1284.03,1282.26,1282.65,3573.9167
1669885500,1282.64,1282.65,1280.14,1280.62,3297.4369
1669885800,1280.62,1281.93,1280.36,1281.01,1021.6645
1669886100,1281.01,1282.26,1280.63,1281.57,1215.7688
1669886400,1281.56,1281.57,1279.55,1279.96,1368.9909
1669886700,1279.95,1280.28,1278.33,1279.7,1449.177
1669887000,1279.71,1280.14,1278.26,1279.39,1076.0973
1669887300,1279.38,1281,1279.3,1280.4,1526.8363
1669887600,1280.39,1282.43,1280.39,1281.65,1089.859
1669887900,1281.65,1282.71,1280.81,1282.07,1440.5592
1669888200,1282.07,1282.57,1281.8,1281.88,632.3935
1669888500,1281.87,1284,1281.87,1283.66,1726.3087
1669888800,1283.67,1284.11,1282.83,1284.07,1746.5791
1669889100,1284.07,1285.08,1283.93,1285,1748.5991
1669889400,1284.99,1285,1283.33,1283.83,1002.2908
1669889700,1283.82,1283.83,1283.01,1283.02,1073.8422
1669890000,1283.02,1283.36,1281.72,1281.9,1354.6362
1669890300,1281.89,1282.71,1281.52,1281.52,1546.3944
1669890600,1281.53,1283.98,1281.52,1283.03,5152.8407
1669890900,1283.03,1283.37,1281.43,1281.43,1329.539
1669891200,1281.43,1282.59,1281.43,1282.57,902.2396
1669891500,1282.57,1282.72,1282.05,1282.71,1676.0543
1669891800,1282.72,1282.72,1281.35,1281.7,1492.1671
1669892100,1281.7,1281.79,1279.76,1280.37,1201.8239
1669892400,1280.37,1280.45,1277.58,1280,3583.516
1669892700,1279.99,1281.69,1279.9,1281,960.6854
1669893000,1281.01,1281.27,1279.85,1280.62,1430.1473
1669893300,1280.61,1281.31,1280.45,1281.14,1062.3355
1669893600,1281.14,1281.18,1279.83,1279.84,710.8719
1669893900,1279.84,1280.07,1277.99,1279.65,1117.957
1669894200,1279.66,1280.24,1279.46,1280.03,798.1063
1669894500,1280.04,1280.81,1279.76,1280.53,814.5525
1669894800,1280.52,1281.45,1280.52,1281.41,1082.9396
1669895100,1281.41,1282.67,1280.76,1282.55,1387.7263
1669895400,1282.56,1282.72,1282.16,1282.71,3091.5912
1669895700,1282.71,1283,1282.49,1282.94,2692.7072
1669896000,1282.94,1284.8,1282.83,1283.66,4577.4689
1669896300,1283.67,1284.68,1283.66,1284.12,1881.2929
1669896600,1284.13,1287.73,1283.87,1286.56,2522.0681
1669896900,1286.56,1288.69,1285.71,1285.71,4270.5558
1669897200,1285.72,1286.05,1285.14,1285.21,817.2537
1669897500,1285.21,1286.21,1284.37,1286.2,1383.1261
1669897800,1286.21,1289.18,1286.12,1288.15,1973.0073
1669898100,1288.14,1288.26,1285.92,1286.28,1129.429
1669898400,1286.28,1290.36,1286.28,1289.52,1234.3826
1669898700,1289.53,1289.53,1287.01,1287.86,1847.0033
1669899000,1287.85,1287.95,1286.74,1287.28,741.4584
1669899300,1287.28,1289.13,1287.28,1288.44,810.7801
1669899600,1288.44,1288.44,1285.95,1287.8,1433.6956
1669899900,1287.81,1291.43,1287.56,1290.45,2099.1513
1669900200,1290.46,1290.46,1286.38,1286.95,1337.0028
1669900500,1286.96,1286.96,1285.82,1285.97,701.4063
1669900800,1285.96,1288.5,1285.84,1287.84,727.8305
1669901100,1287.84,1289.09,1286.56,1286.56,797.2149
1669901400,1286.57,1299.9,1282.01,1293.08,14335.0632
1669901700,1293.08,1293.08,1286.7,1290.93,4326.2547
1669902000,1290.93,1291.44,1284.58,1285.04,2639.9227
1669902300,1285.05,1285.11,1271,1271.61,16344.5446
1669902600,1271.61,1276.92,1269.49,1276.37,6986.374
1669902900,1276.38,1281.93,1275.75,1279.05,3370.5199
1669903200,1279.05,1279.05,1274.37,1274.58,2468.3301
1669903500,1274.58,1280.59,1274.57,1280.21,2382.5382
1669903800,1280.21,1281.79,1277.7,1278.33,2002.4732
1669904100,1278.33,1278.36,1274.78,1275,1687.7407
1669904400,1275.01,1276.4,1273.44,1274.94,2991.0968
1669904700,1274.93,1274.94,1271,1272.23,3114.395
1669905000,1272.23,1278.23,1271.7,1276.31,3569.5118
1669905300,1276.32,1278.15,1274.82,1274.98,1847.3427
1669905600,1274.99,1277.08,1274.5,1275.25,1593.6916
1669905900,1275.24,1278.64,1275.11,1278.4,2290.0954
1669906200,1278.39,1280.75,1277.98,1280.72,1703.3071
1669906500,1280.73,1283.24,1279.49,1279.96,3278.5476
1669906800,1279.96,1284.8,1276.3,1277.57,7097.147
1669907100,1277.58,1278,1273.36,1274.9,2666.1281
1669907400,1274.9,1274.91,1265.35,1267.5,5367.3098
1669907700,1267.51,1269.4,1262.77,1266.72,8967.8505
1669908000,1266.71,1268.21,1263.05,1265.75,3664.3247
1669908300,1265.74,1268.95,1265.23,1267.36,2968.7764
1669908600,1267.35,1269.93,1264.02,1269.36,2874.5896
1669908900,1269.35,1270.94,1268.32,1269.5,1821.5296
1669909200,1269.51,1270.08,1267.8,1268.91,1266.8291
1669909500,1268.92,1270.95,1268.13,1270.22,1256.0835
1669909800,1270.22,1272.02,1269.93,1270.73,1263.9769
1669910100,1270.73,1272.09,1269.85,1271.54,1420.8766
1669910400,1271.54,1273.16,1270.55,1273.15,1891.0436
1669910700,1273.15,1273.16,1269.69,1271.98,1381.9347
1669911000,1271.98,1272.5,1268.72,1268.75,1671.0278
1669911300,1268.75,1268.75,1265.52,1267.39,1929.7594
1669911600,1267.38,1269.67,1267.38,1269.08,1428.1317
1669911900,1269.08,1270.6,1268.74,1269.08,1530.7736
1669912200,1269.09,1272.2,1268.9,1271.92,1713.2908
1669912500,1271.92,1273.28,1271.42,1272.91,1283.5138
1669912800,1272.92,1274.08,1272.46,1273.72,1096.0224
1669913100,1273.72,1274.62,1272.54,1272.54,948.4333
1669913400,1272.55,1273,1271.68,1272.25,658.9888
1669913700,1272.24,1273.1,1271.7,1272.46,811.2888
1669914000,1272.46,1272.7,1271.14,1271.71,637.4773
1669914300,1271.7,1272.04,1268.65,1269.84,907.7071
1669914600,1269.84,1271.47,1269.77,1270.44,756.5136
1669914900,1270.45,1270.45,1268.9,1269.07,518.8783
1669915200,1269.06,1272.84,1268.85,1272.52,1094.8244
1669915500,1272.52,1274.91,1272.51,1273.93,1121.5985
1669915800,1273.92,1275.93,1273.28,1274.8,1102.1374
1669916100,1274.79,1274.8,1273.07,1273.49,713.1779
1669916400,1273.5,1273.57,1272.98,1273.57,874.2931
1669916700,1273.56,1274.23,1272.51,1274.23,600.7587
1669917000,1274.23,1275.55,1274.22,1274.69,559.6715
1669917300,1274.68,1275.73,1274.68,1274.84,633.1122
1669917600,1274.83,1275.49,1274.83,1275.16,458.9423
1669917900,1275.15,1278.17,1275.15,1277.58,1601.0064
1669918200,1277.58,1278.69,1276.59,1277.85,1679.224
1669918500,1277.84,1277.85,1274.98,1274.99,814.7969
1669918800,1274.99,1276.25,1274.9,1275.57,417.4579
1669919100,1275.56,1275.63,1274.18,1274.5,499.5113
1669919400,1274.5,1275,1272.91,1273.41,750.086
1669919700,1273.4,1274.06,1271.88,1272.83,1030.266
1669920000,1272.83,1276.1,1272.4,1276.01,849.297
1669920300,1276.02,1278.02,1275.7,1275.7,782.7232
1669920600,1275.71,1275.71,1273.56,1274.28,780.402
1669920900,1274.29,1275.09,1273.85,1274.87,430.3023
1669921200,1274.88,1275.23,1273.57,1273.64,717.1939
1669921500,1273.64,1274.46,1272.5,1273.45,704.3973
1669921800,1273.46,1273.69,1272.44,1273.65,451.7313
1669922100,1273.66,1276.2,1273.36,1275.66,553.9565
1669922400,1275.66,1276.14,1275.43,1276.11,518.2329
1669922700,1276.12,1276.51,1275.64,1276.07,322.5384
1669923000,1276.06,1276.73,1275,1276.35,598.5516
1669923300,1276.35,1277.1,1276.03,1276.61,595.4111
1669923600,1276.62,1277.5,1275.53,1275.58,334.339
1669923900,1275.58,1277.53,1275.45,1276.7,459.8879
1669924200,1276.71,1276.77,1275.77,1276.31,628.7466
1669924500,1276.31,1276.31,1275.7,1275.91,204.6655
1669924800,1275.91,1276.09,1275.56,1275.76,188.6279
1669925100,1275.76,1276.01,1275.45,1275.45,264.8499
1669925400,1275.45,1275.83,1275,1275.25,300.1548
1669925700,1275.24,1276,1275.24,1275.99,385.9081
1669926000,1275.99,1276,1275.35,1275.49,327.702
1669926300,1275.5,1275.5,1274.2,1274.21,447.4886
1669926600,1274.2,1274.71,1273.79,1274.22,252.1182
1669926900,1274.21,1274.24,1273.09,1273.92,353.1471
1669927200,1273.92,1275.3,1273.25,1275.3,516.5256
1669927500,1275.29,1275.42,1273.26,1273.57,443.2833
1669927800,1273.56,1273.8,1272.64,1272.77,1139.8529
1669928100,1272.78,1272.99,1271.72,1272.13,737.4213
1669928400,1272.12,1272.13,1267.06,1269.73,3177.4915
1669928700,1269.73,1270.16,1267.66,1269.82,1329.9533
1669929000,1269.83,1271.4,1269.82,1271.4,1262.5948
1669929300,1271.39,1274.69,1271.34,1274.56,1799.3454
1669929600,1274.56,1275.13,1272.86,1273.08,630.0401
1669929900,1273.07,1274.7,1272.72,1274.19,614.6207
1669930200,1274.18,1274.62,1273.35,1274.01,393.0829
1669930500,1274.01,1274.38,1273.22,1273.34,354.1003
1669930800,1273.35,1274.59,1273,1274.53,483.0101
1669931100,1274.52,1276.23,1274.26,1276.13,439.9643
1669931400,1276.12,1277.01,1275.85,1276.92,661.8026
1669931700,1276.92,1277.48,1276.12,1276.13,744.486
1669932000,1276.12,1276.13,1275.15,1275.54,352.7706
1669932300,1275.55,1275.95,1275.54,1275.55,367.0188
1669932600,1275.56,1275.56,1274.57,1275.29,352.4474
1669932900,1275.28,1276.28,1275.28,1276.27,441.1887
1669933200,1276.28,1283.94,1276.27,1277.66,4081.6796
1669933500,1277.67,1278.36,1277.54,1278.26,379.2356
1669933800,1278.25,1280.72,1278.25,1280.55,1017.7425
1669934100,1280.55,1280.56,1278.18,1278.18,528.1198
1669934400,1278.19,1279.6,1278.02,1278.2,586.8566
1669934700,1278.21,1279.6,1278.14,1279.36,249.2978
1669935000,1279.35,1279.42,1277.24,1277.79,883.1102
1669935300,1277.79,1278.14,1277.18,1277.5,329.2667
1669935600,1277.51,1279.28,1277.4,1278.07,1026.6789
1669935900,1278.07,1278.46,1276.38,1276.39,489.9044
1669936200,1276.38,1277.92,1276.37,1277.26,471.5668
1669936500,1277.26,1277.56,1276.07,1276.07,826.8871
1669936800,1276.08,1276.08,1273,1274.39,1168.9914
1669937100,1274.39,1274.89,1273.03,1274.52,816.5368
1669937400,1274.51,1275.34,1273.71,1274.82,584.7345
1669937700,1274.83,1276.33,1274.74,1275.84,442.2374
1669938000,1275.83,1276.16,1275.56,1275.81,498.5391
1669938300,1275.82,1276.04,1275.13,1275.3,438.4691
1669938600,1275.3,1275.84,1275,1275.06,463.5437
1669938900,1275.06,1276.41,1275.05,1276.41,558.3132
1669939200,1276.4,1276.41,1273.97,1274.12,1083.8192
1669939500,1274.12,1276.65,1274.11,1275.22,985.8556
1669939800,1275.22,1276.22,1274.53,1275.29,706.3627
1669940100,1275.29,1275.53,1273.82,1275.47,893.752
1669940400,1275.47,1275.47,1274.37,1274.7,526.9586
1669940700,1274.71,1275.35,1273.94,1273.95,1382.0867
1669941000,1273.94,1276.5,1273.86,1275.77,759.3213
1669941300,1275.77,1280.3,1275.36,1278.83,1609.2461
1669941600,1278.83,1280.69,1278.48,1280.24,1259.2772
1669941900,1280.23,1280.24,1278.03,1278.65,937.9079
1669942200,1278.64,1280.04,1277.45,1280.03,874.173
1669942500,1280.03,1283.4,1278.88,1282.6,2514.4636
1669942800,1282.59,1284.75,1280.63,1282.87,2086.0121
1669943100,1282.86,1283.44,1281.34,1281.93,1036.355
1669943400,1281.94,1283.21,1280.45,1283.04,870.3354
1669943700,1283.04,1283.87,1281.13,1281.14,812.4023
1669944000,1281.14,1281.32,1279.29,1279.71,863.4948
1669944300,1279.72,1281.5,1279.71,1281.19,859.448
1669944600,1281.18,1281.39,1280.52,1280.83,766.6564
1669944900,1280.84,1280.84,1278.21,1278.21,1199.4182
1669945200,1278.21,1278.97,1277.11,1277.11,809.5473
1669945500,1277.11,1277.12,1267.64,1269.97,6023.7811
1669945800,1269.97,1272.67,1266.14,1272.49,3073.699
1669946100,1272.48,1273.2,1271.14,1272.67,1446.9127
1669946400,1272.66,1274.42,1272.17,1273.89,1115.5643
1669946700,1273.88,1274.63,1271.41,1272.11,1277.2293
1669947000,1272.11,1272.47,1265.24,1267.42,5249.7179
1669947300,1267.43,1270.19,1266.2,1269.62,2288.9549
1669947600,1269.62,1271.27,1269.54,1271.05,1074.6574
1669947900,1271.05,1272.14,1270.74,1271.5,620.4631
1669948200,1271.51,1271.99,1270.14,1271.98,477.5558
1669948500,1271.98,1273.5,1271.71,1272.89,903.5586
1669948800,1272.9,1273.08,1270.13,1270.93,1015.675
1669949100,1270.92,1271.03,1268.72,1268.79,894.9549
1669949400,1268.79,1270.9,1268.53,1270.58,1188.9301
1669949700,1270.57,1272.42,1270.08,1271.87,1393.1184
1669950000,1271.86,1272.22,1270.94,1272.22,431.9517
1669950300,1272.22,1273.04,1271.96,1273.02,409.1014
1669950600,1273.02,1274.21,1272.74,1274.21,521.6685
1669950900,1274.21,1274.36,1273.45,1273.5,493.3886
1669951200,1273.49,1274.28,1272.76,1273.08,876.3315
1669951500,1273.08,1273.92,1272.51,1272.59,417.2741
1669951800,1272.6,1273.01,1271.98,1272.28,1542.537
1669952100,1272.29,1272.9,1271.79,1272.72,277.5971
1669952400,1272.72,1273.89,1272.72,1273.89,382.771
1669952700,1273.89,1274.95,1271.31,1271.82,647.2247
1669953000,1271.81,1271.88,1271.06,1271.17,541.7248
1669953300,1271.17,1271.73,1270.83,1271.69,538.833
1669953600,1271.69,1271.7,1270.59,1270.8,1011.98
1669953900,1270.8,1270.81,1268.35,1269.06,1078.8805
1669954200,1269.05,1269.07,1268,1268.31,1526.825
1669954500,1268.32,1271.56,1268.24,1271.46,2076.4978
1669954800,1271.45,1272.89,1271.1,1272.62,1356.734
1669955100,1272.62,1273.74,1272.42,1273.19,1557.8337
1669955400,1273.18,1274.24,1273.12,1273.78,888.6597
1669955700,1273.79,1273.89,1272.03,1272.28,694.3364
1669956000,1272.29,1272.44,1271.81,1272.02,595.9053
1669956300,1272.02,1272.39,1271.9,1272.21,815.7578
1669956600,1272.22,1272.72,1271.98,1272.72,724.8837
1669956900,1272.72,1273.65,1272.33,1272.47,1049.2578
1669957200,1272.47,1272.62,1272.05,1272.46,637.2565
1669957500,1272.45,1273.78,1272.45,1273.05,722.4054
1669957800,1273.05,1274.33,1273.01,1274.18,1166.7118
1669958100,1274.19,1274.31,1273.2,1273.25,517.5499
1669958400,1273.26,1275.29,1273.24,1274.47,1120.6293
1669958700,1274.47,1274.48,1273.25,1273.54,1108.1967
1669959000,1273.53,1273.61,1271.82,1271.83,725.845
1669959300,1271.83,1272.55,1271.6,1272.46,801.2552
1669959600,1272.47,1272.47,1271,1271.9,1135.9825
1669959900,1271.9,1273.87,1271.22,1273.87,722.1051
1669960200,1273.87,1273.87,1273.14,1273.34,264.4058
1669960500,1273.34,1273.89,1273.06,1273.13,324.9548
1669960800,1273.12,1273.6,1272.89,1272.98,418.6598
1669961100,1272.99,1273.56,1272.89,1273.14,572.2507
1669961400,1273.14,1273.41,1273.12,1273.13,1854.5231
1669961700,1273.14,1273.63,1273.12,1273.59,2589.7485
1669962000,1273.59,1275.26,1273.44,1275.25,859.3537
1669962300,1275.26,1276.33,1275.25,1275.51,794.8932
1669962600,1275.5,1276.98,1274.12,1274.3,902.4112
1669962900,1274.3,1274.6,1273.34,1273.84,493.1586
1669963200,1273.83,1274.1,1272.84,1272.92,422.5301
1669963500,1272.91,1273.36,1272,1272.01,521.3341
1669963800,1272,1272.22,1271.1,1271.86,609.4791
1669964100,1271.86,1272.26,1270.84,1271.44,418.0119
1669964400,1271.43,1271.8,1270.93,1271.69,926.1921
1669964700,1271.7,1272.59,1271.5,1272.59,480.9677
1669965000,1272.58,1274.5,1272.39,1273.53,1036.471
1669965300,1273.52,1274.22,1273.21,1273.53,672.6216
1669965600,1273.53,1273.8,1271.49,1271.5,838.8959
1669965900,1271.51,1272.06,1271.44,1272.04,447.2057
1669966200,1272.03,1272.89,1271.94,1272.89,807.9318
1669966500,1272.88,1274.8,1272.83,1274.79,1437.0504
1669966800,1274.79,1276.94,1274.79,1276.37,1893.2582
1669967100,1276.36,1276.74,1275.35,1275.59,1062.6053
1669967400,1275.6,1276.14,1275.59,1275.87,598.8207
1669967700,1275.87,1278.26,1275.64,1275.68,1417.2698
1669968000,1275.68,1275.91,1273.56,1275.25,712.3593
1669968300,1275.26,1278.04,1275.25,1277.23,1561.6418
1669968600,1277.22,1277.83,1276.41,1277.39,1591.5179
1669968900,1277.38,1280,1276.07,1276.7,1802.2859
1669969200,1276.71,1276.88,1275.37,1275.66,566.0281
1669969500,1275.66,1276.04,1274.93,1275.4,1284.705
1669969800,1275.41,1276.18,1275,1275.75,1833.1894
1669970100,1275.76,1276.42,1275.75,1276.38,318.9929
1669970400,1276.38,1278.07,1276.17,1277.66,820.6358
1669970700,1277.66,1277.67,1276.92,1277.24,914.786
1669971000,1277.24,1277.41,1276.31,1276.65,584.208
1669971300,1276.66,1277.21,1275.38,1277.2,937.4172
1669971600,1277.21,1277.66,1276.36,1276.56,616.6334
1669971900,1276.55,1277.41,1276.55,1277.4,310.0987
1669972200,1277.4,1277.8,1277.17,1277.75,567.0707
1669972500,1277.75,1277.85,1277.41,1277.8,308.5858
1669972800,1277.81,1277.81,1276.24,1276.67,361.0458
1669973100,1276.66,1277.18,1276.49,1276.96,278.6899
1669973400,1276.95,1278.34,1276.95,1278.34,554.8751
1669973700,1278.34,1281.27,1278.33,1278.79,1579.5208
1669974000,1278.8,1279.34,1278.34,1278.64,432.2263
1669974300,1278.63,1279.65,1278.18,1278.28,429.2187
1669974600,1278.29,1278.29,1277.59,1278.01,460.3933
1669974900,1278.02,1278.06,1277.39,1277.83,370.7231
1669975200,1277.83,1279,1277.83,1278.59,680.3044
1669975500,1278.6,1278.8,1277.57,1278.21,539.7485
1669975800,1278.22,1278.52,1277.67,1278.49,660.3304
1669976100,1278.49,1279.75,1278.38,1279.75,651.0882
1669976400,1279.75,1279.99,1278.66,1279.05,934.2614
1669976700,1279.05,1279.34,1277.99,1278.02,462.0228
1669977000,1278.02,1278.31,1277.8,1278.1,499.939
1669977300,1278.11,1279.03,1278.1,1278.67,355.7602
1669977600,1278.67,1278.84,1278.23,1278.6,407.4874
1669977900,1278.59,1278.62,1277.72,1277.9,613.6978
1669978200,1277.9,1279.29,1277.9,1279.28,732.6128
1669978500,1279.29,1280.86,1279.28,1280.86,864.2174
1669978800,1280.86,1283.33,1279.92,1282.09,2233.7417
1669979100,1282.09,1282.59,1279.1,1279.62,927.109
1669979400,1279.61,1279.74,1278.71,1279.31,487.3616
1669979700,1279.32,1280.74,1278.86,1280.74,437.9206
1669980000,1280.74,1282.5,1280.23,1280.58,2050.5608
1669980300,1280.57,1289.33,1279.88,1286.26,6056.3185
1669980600,1286.26,1292.42,1285.48,1290.49,7241.0832
1669980900,1290.5,1293.87,1289.64,1291.72,5645.4499
1669981200,1291.72,1294.53,1290.74,1291.98,5009.0206
1669981500,1291.97,1292.36,1289.26,1289.49,2630.7318
1669981800,1289.49,1290,1288.63,1289,928.6398
1669982100,1288.99,1289.35,1288.28,1288.83,657.2649
1669982400,1288.82,1289.4,1286.54,1288.42,1227.9717
1669982700,1288.43,1291,1288.37,1290.24,1548.44
1669983000,1290.23,1291.18,1289.36,1290.95,469.8794
1669983300,1290.96,1294.48,1290.83,1291.86,1746.836
1669983600,1291.85,1292.07,1289.06,1289.77,1143.1972
1669983900,1289.77,1290.87,1288.73,1290.24,710.9775
1669984200,1290.23,1290.52,1287.47,1287.47,645.1331
1669984500,1287.47,1289.94,1287.47,1289.48,552.9185
1669984800,1289.49,1290.3,1288.77,1289.79,495.7769
1669985100,1289.8,1290.28,1289.51,1289.6,449.666
1669985400,1289.6,1290.41,1288.5,1288.87,581.7772
1669985700,1288.87,1291.25,1288.87,1290.84,725.0584
1669986000,1290.85,1293.6,1290.65,1292.32,1950.8594
1669986300,1292.32,1297.18,1291.88,1294.01,4355.6178
1669986600,1294,1295.81,1293.62,1294.25,1812.8971
1669986900,1294.25,1294.25,1290.91,1292.88,2001.6582
1669987200,1292.87,1292.92,1286.5,1286.56,4372.5642
1669987500,1286.56,1290.46,1286.11,1289.18,4935.3596
1669987800,1289.19,1297,1268,1275.41,44949.5892
1669988100,1275.42,1277.59,1273,1276.61,7480.1733
1669988400,1276.62,1277.19,1273.85,1277.18,3882.2862
1669988700,1277.18,1277.31,1271.62,1275.82,4259.294
1669989000,1275.81,1279.44,1275.47,1279.44,3081.7636
1669989300,1279.44,1279.82,1276.33,1276.86,1778.1308
1669989600,1276.86,1277.12,1274.15,1274.16,1330.3552
1669989900,1274.16,1274.53,1272,1273.4,3008.2421
1669990200,1273.39,1275.94,1273.29,1275.45,1218.5676
1669990500,1275.46,1278.14,1275.16,1277.42,1431.1251
1669990800,1277.43,1278.64,1275.47,1277.91,1472.567
1669991100,1277.92,1278.47,1275.56,1276.43,1224.0068
1669991400,1276.43,1280.26,1276.37,1278.81,2778.8103
1669991700,1278.81,1284.97,1278.22,1282.69,4354.2574
1669992000,1282.7,1283.3,1280.62,1281.69,1599.7719
1669992300,1281.68,1282.72,1279.54,1279.75,1344.7857
1669992600,1279.75,1280.71,1278.52,1279.45,1148.2637
1669992900,1279.45,1280.29,1278.84,1279.73,1067.9502
1669993200,1279.72,1281.16,1279,1279.01,1206.9833
1669993500,1279,1280.91,1277.85,1280.46,1223.5372
1669993800,1280.47,1286.66,1280.4,1283.79,2532.6059
1669994100,1283.79,1283.88,1281.78,1282.47,1165.3182
1669994400,1282.48,1282.53,1281.29,1281.56,575.0356
1669994700,1281.55,1282.67,1281.08,1281.36,672.8554
1669995000,1281.36,1282.8,1280.31,1282.76,693.6708
1669995300,1282.76,1282.77,1280.55,1281.17,1098.8453
1669995600,1281.18,1281.61,1280.86,1281.25,621.1722
1669995900,1281.25,1281.49,1280,1281.11,1202.194
1669996200,1281.12,1282.22,1280.2,1281.62,859.484
1669996500,1281.62,1281.63,1278.96,1278.96,1632.4769
1669996800,1278.97,1279.43,1277.77,1278.77,973.6377
1669997100,1278.77,1279.2,1278.03,1278.48,925.8603
1669997400,1278.47,1278.48,1277.57,1277.96,548.0582
1669997700,1277.96,1277.97,1274.29,1275.03,1246.9929
1669998000,1275.04,1276.73,1274.75,1276.38,704.3575
1669998300,1276.38,1278.01,1276.37,1277.93,2360.868
1669998600,1277.94,1278.11,1276.21,1276.78,965.1612
1669998900,1276.78,1276.78,1275.57,1276.16,922.3538
1669999200,1276.16,1278.05,1276.07,1278.05,626.9176
1669999500,1278.05,1279.39,1277.92,1277.93,1313.425
1669999800,1277.92,1278.25,1277.23,1278.22,889.0406
1670000100,1278.22,1279.39,1278.21,1278.48,807.8923
1670000400,1278.48,1278.51,1277.93,1278.08,613.1178
1670000700,1278.07,1280.16,1277.89,1279.96,1163.6561
1670001000,1279.96,1283,1279.95,1282.98,2602.9339
1670001300,1282.99,1283,1281.24,1282.43,1001.87
1670001600,1282.44,1283.13,1282.2,1282.62,793.7729
1670001900,1282.63,1282.92,1280.99,1281.48,629.518
1670002200,1281.49,1281.61,1280.28,1280.29,475.9893
1670002500,1280.3,1280.67,1279.43,1280,622.6513
1670002800,1280,1280.73,1279.6,1280.73,796.3361
1670003100,1280.73,1280.77,1279.97,1280.23,630.7715
1670003400,1280.23,1280.43,1279.8,1280.09,399.52
1670003700,1280.09,1280.85,1279.67,1279.71,617.0105
1670004000,1279.72,1280.45,1279.71,1280.04,376.0213
1670004300,1280.05,1280.86,1280.04,1280.32,340.3628
1670004600,1280.33,1280.82,1278.95,1279.52,706.3813
1670004900,1279.51,1280.84,1279.48,1280.52,494.3044
1670005200,1280.51,1281.5,1280.32,1281.02,510.6305
1670005500,1281.02,1281.15,1279.84,1281.02,457.1494
1670005800,1281.02,1281.02,1280,1280.22,720.5685
1670006100,1280.22,1281.05,1280.07,1281.04,499.5843
1670006400,1281.05,1284.43,1281.04,1282.46,1612.3168
1670006700,1282.46,1283.45,1282.46,1282.72,525.4224
1670007000,1282.73,1283.03,1281.85,1282.25,362.7515
1670007300,1282.26,1282.3,1281.64,1282.07,256.2753
1670007600,1282.08,1282.55,1281.76,1282.06,460.9435
1670007900,1282.06,1282.32,1281.25,1281.38,197.2927
1670008200,1281.39,1281.4,1279.83,1280.64,376.3126
1670008500,1280.65,1281.5,1280.6,1281.31,386.5579
1670008800,1281.26,1283.17,1281.12,1283.17,346.0641
1670009100,1283.16,1283.17,1282.38,1282.51,227.5835
1670009400,1282.51,1284.99,1282.27,1284.85,879.1443
1670009700,1284.84,1284.99,1283.04,1283.58,663.8768
1670010000,1283.58,1283.72,1282.82,1282.83,324.1752
1670010300,1282.83,1286.79,1282.38,1285.57,1516.72
1670010600,1285.58,1286.31,1285.27,1285.57,588.659
1670010900,1285.57,1288.32,1285.57,1287.32,1386.2225
1670011200,1287.31,1288.1,1286.38,1287.86,601.7095
1670011500,1287.86,1290,1286.95,1288.15,1883.2289
1670011800,1288.15,1288.15,1287,1287.17,474.8373
1670012100,1287.16,1289.11,1287.04,1288.78,784.5299
1670012400,1288.78,1289.6,1288.37,1288.43,397.1021
1670012700,1288.42,1289.2,1287.41,1287.51,887.8465
1670013000,1287.51,1288.13,1286.58,1288.13,741.4066
1670013300,1288.12,1289.38,1288.12,1288.9,408.4255
1670013600,1288.9,1289.58,1288.11,1289.37,613.7093
1670013900,1289.36,1289.37,1288.25,1289.15,516.1655
1670014200,1289.16,1289.5,1288.98,1289.35,339.721
1670014500,1289.35,1293.85,1289.35,1291.2,3154.1798
1670014800,1291.21,1295,1290.39,1294.46,2980.8539
1670015100,1294.47,1296.97,1293.01,1294.04,2435.6708
1670015400,1294.04,1294.39,1293.02,1293.99,559.2402
1670015700,1294,1294.36,1292.37,1292.6,350.2335
1670016000,1292.6,1294,1292.56,1293.46,751.4831
1670016300,1293.46,1294,1292.91,1292.92,793.4044
1670016600,1292.92,1293.22,1291.26,1291.87,727.9048
1670016900,1291.86,1292.24,1289.79,1291.13,1296.9079
1670017200,1291.14,1291.31,1290.25,1291.2,427.4858
1670017500,1291.21,1291.81,1290.86,1291.59,557.0158
1670017800,1291.6,1291.8,1291.1,1291.1,451.234
1670018100,1291.11,1291.79,1290.56,1290.91,1151.7261
1670018400,1290.9,1291.02,1290.41,1290.94,462.4355
1670018700,1290.94,1292,1290.93,1291.65,363.8185
1670019000,1291.64,1291.65,1291.25,1291.26,208.9445
1670019300,1291.26,1291.26,1290.69,1290.7,378.9939
1670019600,1290.69,1290.95,1290.21,1290.61,441.4393
1670019900,1290.62,1291.83,1290.61,1291.27,920.4511
1670020200,1291.27,1291.51,1290.76,1290.98,477.0354
1670020500,1290.98,1291.69,1290.63,1291.68,461.9657
1670020800,1291.68,1293.45,1291.68,1293.15,849.1228
1670021100,1293.15,1294.39,1292,1292.06,1302.2557
1670021400,1292.07,1292.5,1292,1292.49,432.5458
1670021700,1292.5,1292.5,1290.13,1290.58,792.6486
1670022000,1290.57,1293.4,1290.57,1293.11,685.253
1670022300,1293.1,1293.41,1291.52,1292,513.0723
1670022600,1292,1293.74,1291.95,1293.45,792.3251
1670022900,1293.44,1293.56,1290.77,1290.86,880.0313
1670023200,1290.85,1291.48,1290.09,1290.67,984.0905
1670023500,1290.68,1291.31,1289.8,1290.95,1145.7443
1670023800,1290.95,1293.34,1290.64,1292.75,756.6692
1670024100,1292.76,1293.29,1291.41,1291.78,624.9664
1670024400,1291.79,1292.08,1290.4,1291.37,456.2902
1670024700,1291.36,1292,1290.76,1291.21,397.4318
1670025000,1291.21,1295.39,1291.21,1295.39,2043.1322
1670025300,1295.38,1296.22,1293.9,1295.59,869.0747
1670025600,1295.58,1309,1294.19,1303.69,19390.1178
1670025900,1303.68,1303.99,1294.71,1296.62,3164.3038
1670026200,1296.63,1297.9,1292.61,1293.26,2481.581
1670026500,1293.26,1295.26,1287.92,1289.4,2787.3623
1670026800,1289.39,1294.33,1289.39,1294.16,1142.5989
1670027100,1294.15,1294.5,1291.89,1292.19,595.4478
1670027400,1292.2,1292.84,1290.33,1290.87,881.1794
1670027700,1290.87,1292.95,1290.87,1292.26,526.3003
1670028000,1292.27,1293.49,1290.72,1291.21,1358.8271
1670028300,1291.22,1292.39,1291.07,1291.96,456.3254
1670028600,1291.96,1292.39,1290.41,1291.37,1172.8081
1670028900,1291.37,1292.17,1290.01,1291.68,705.8607
1670029200,1291.67,1291.8,1290.09,1290.85,881.845
1670029500,1290.85,1290.85,1286.48,1288.13,1648.5768
1670029800,1288.14,1289.31,1287.61,1288.04,753.5086
1670030100,1288.05,1289.33,1287.22,1289.32,759.6087
1670030400,1289.33,1289.92,1289.26,1289.67,410.6374
1670030700,1289.68,1289.68,1287.22,1287.87,553.849
1670031000,1287.87,1288.59,1286.56,1288.58,524.2472
1670031300,1288.58,1289.26,1288.2,1288.2,470.6975
1670031600,1288.2,1288.81,1288.11,1288.26,214.0151
1670031900,1288.26,1289.96,1288.25,1289.78,571.4335
1670032200,1289.77,1289.93,1288.16,1288.31,985.2004
1670032500,1288.31,1289.14,1288.31,1288.58,396.6403
1670032800,1288.58,1289.77,1287.38,1287.74,1316.6092
1670033100,1287.75,1287.75,1285.15,1285.46,1036.2732
1670033400,1285.47,1285.74,1284.31,1284.58,1084.7694
1670033700,1284.57,1285.99,1284.51,1285.62,660.8199
1670034000,1285.61,1286.67,1285.61,1286.11,353.2441
1670034300,1286.11,1286.26,1285.13,1286.12,387.0516
1670034600,1286.12,1287.14,1285.81,1286.54,648.4635
1670034900,1286.55,1287.33,1285.91,1286.06,659.8633
1670035200,1286.06,1286.79,1285.23,1285.64,373.4464
1670035500,1285.64,1286.62,1285.3,1286.23,294.1686
1670035800,1286.23,1286.4,1285.83,1286.24,198.174
1670036100,1286.24,1287.1,1286.09,1287.09,598.3076
1670036400,1287.1,1287.1,1286.1,1286.15,244.3825
1670036700,1286.14,1286.8,1285.81,1286.16,388.9915
1670037000,1286.17,1286.62,1285.29,1285.47,532.7306
1670037300,1285.48,1285.54,1282.43,1283.71,1495.4114
1670037600,1283.7,1285.33,1283.14,1285.12,1724.1574
1670037900,1285.11,1285.9,1284.52,1285.51,821.8269
1670038200,1285.51,1286.33,1285.02,1285.83,609.3141
1670038500,1285.82,1285.83,1285,1285.3,401.9727
1670038800,1285.29,1285.3,1284.47,1284.58,467.2565
1670039100,1284.59,1284.65,1283.49,1284.32,739.3354
1670039400,1284.32,1285.49,1284.32,1285.48,356.1918
1670039700,1285.48,1286.32,1285.36,1285.85,962.4968
1670040000,1285.84,1286.12,1285.61,1285.72,612.8384
1670040300,1285.71,1286.4,1284.73,1286.25,2063.82
1670040600,1286.26,1286.7,1285.72,1286.55,628.909
1670040900,1286.55,1287.9,1286.12,1287.64,1264.2347
1670041200,1287.64,1289.52,1287.63,1288.51,2316.2788
1670041500,1288.52,1288.99,1287.72,1288.6,1309.1586
1670041800,1288.6,1288.99,1287.87,1287.88,1342.7556
1670042100,1287.87,1288.28,1287.22,1288.03,591.687
1670042400,1288.04,1288.5,1287.42,1288.31,1117.1415
1670042700,1288.32,1289.18,1287.88,1288.5,3041.2939
1670043000,1288.51,1289.08,1286.89,1286.89,1390.6447
1670043300,1286.9,1287.1,1286.89,1286.89,370.0048
1670043600,1286.9,1287.94,1286.89,1287.77,657.8484
1670043900,1287.77,1288.09,1287.19,1287.46,435.9791
1670044200,1287.47,1288.59,1287.46,1288.58,604.7059
1670044500,1288.59,1289.31,1288.23,1289.1,897.2455
1670044800,1289.1,1289.1,1288.21,1288.33,601.9465
1670045100,1288.33,1290.12,1288.33,1289,966.2196
1670045400,1289.01,1289.7,1288.39,1288.42,462.2733
1670045700,1288.43,1288.6,1287.7,1287.77,820.7095
1670046000,1287.76,1290.56,1287.76,1289.8,2738.5459
1670046300,1289.8,1290.02,1288.84,1288.85,647.0238
1670046600,1288.84,1289.25,1288.29,1288.44,499.24
1670046900,1288.44,1288.63,1287.89,1288.42,526.2533
1670047200,1288.42,1288.95,1288.35,1288.41,618.1889
1670047500,1288.42,1288.42,1283.58,1285.53,3664.8171
1670047800,1285.54,1285.82,1282.82,1283.69,3034.6247
1670048100,1283.7,1285.05,1281.31,1282.78,2199.8652
1670048400,1282.78,1285.23,1282.78,1285.04,993.0775
1670048700,1285.04,1285.39,1284.69,1285.39,741.235
1670049000,1285.38,1285.5,1284,1284.01,701.7129
1670049300,1284.01,1284.95,1283.81,1284.06,570.5084
1670049600,1284.06,1284.46,1283.85,1283.85,423.8043
1670049900,1283.86,1284.49,1283.84,1284.28,325.5687
1670050200,1284.29,1284.9,1284.28,1284.68,392.7136
1670050500,1284.69,1285.27,1284.58,1284.94,269.0324
1670050800,1284.93,1285.52,1284.64,1285.01,460.1762
1670051100,1285.01,1285.02,1283.99,1284,576.3985
1670051400,1284,1284.19,1283.73,1283.92,1039.8582
1670051700,1283.92,1284.08,1283.47,1283.61,801.6258
1670052000,1283.62,1283.62,1280.4,1281.05,2819.1979
1670052300,1281.06,1281.18,1275,1275.42,9607.0723
1670052600,1275.41,1276.63,1273.36,1275.2,5336.2659
1670052900,1275.2,1276.6,1274.81,1276.19,1770.0444
1670053200,1276.18,1277.61,1275.12,1277.01,1067.7709
1670053500,1277,1277.9,1276.48,1277.42,1038.2854
1670053800,1277.42,1277.8,1277.07,1277.42,656.9948
1670054100,1277.42,1277.43,1275.67,1276.08,1472.6819
1670054400,1276.08,1276.09,1272.76,1275.53,3861.1637
1670054700,1275.53,1277.07,1275.53,1276.8,806.2234
1670055000,1276.79,1277.15,1275.18,1275.5,1415.6911
1670055300,1275.5,1275.55,1274.65,1274.85,1076.4935
1670055600,1274.84,1276.23,1274.59,1276.11,501.0749
1670055900,1276.11,1276.12,1275.18,1275.69,701.6443
1670056200,1275.69,1275.69,1273.52,1273.77,834.2828
1670056500,1273.78,1274.34,1271.78,1273.75,2437.0399
1670056800,1273.75,1274.22,1272.48,1272.76,708.6183
1670057100,1272.77,1273.93,1268.88,1272.69,3567.9132
1670057400,1272.7,1273.42,1270.48,1272.4,1611.903
1670057700,1272.4,1272.56,1266.79,1269.38,14172.4301
1670058000,1269.4,1271.75,1265.82,1271.49,8666.7114
1670058300,1271.49,1272.44,1271.07,1272.43,681.2546
1670058600,1272.43,1272.43,1270.43,1271.47,1788.5982
1670058900,1271.48,1271.48,1270.51,1270.51,473.9554
1670059200,1270.51,1271,1270.16,1270.55,540.8536
1670059500,1270.56,1272.79,1270.51,1272.78,607.1798
1670059800,1272.79,1273.24,1271.39,1272.43,1132.9671
1670060100,1272.44,1272.44,1271.25,1271.94,612.2925
1670060400,1271.94,1272.04,1271.13,1271.83,1886.5546
1670060700,1271.84,1274.44,1271.71,1273.68,1374.5905
1670061000,1273.68,1273.77,1272.89,1273.44,664.8657
1670061300,1273.45,1273.56,1272.84,1273.55,1010.4706
1670061600,1273.55,1273.55,1272.62,1272.62,927.8939
1670061900,1272.62,1273.08,1272.49,1272.89,513.6325
1670062200,1272.89,1272.89,1272.34,1272.61,349.004
1670062500,1272.61,1273.12,1272.5,1272.5,422.2648
1670062800,1272.5,1272.51,1271.38,1271.75,497.3005
1670063100,1271.74,1271.92,1271.34,1271.91,350.3868
1670063400,1271.91,1271.93,1270.76,1270.76,463.7047
1670063700,1270.76,1271.47,1269.99,1271.47,1232.0133
1670064000,1271.46,1271.6,1270.03,1270.04,521.8987
1670064300,1270.03,1271.2,1269.58,1270.8,786.1433
1670064600,1270.8,1271.27,1270.52,1271.24,294.3189
1670064900,1271.24,1271.49,1271.13,1271.33,314.4474
1670065200,1271.33,1271.33,1268.27,1269.18,1393.8684
1670065500,1269.19,1269.19,1260.54,1265.9,7563.7602
1670065800,1265.91,1267.17,1264.74,1266.37,1881.2127
1670066100,1266.37,1268.1,1265.17,1268.09,973.1703
1670066400,1268.09,1269.62,1267.47,1268.24,1167.6723
1670066700,1268.25,1269.76,1268.24,1269.49,594.8861
1670067000,1269.49,1269.82,1268.35,1269.78,604.1804
1670067300,1269.78,1269.78,1268.5,1268.75,653.0986
1670067600,1268.74,1270,1268.74,1269.91,469.6816
1670067900,1269.92,1270.12,1269.23,1269.99,426.4598
1670068200,1270,1271.12,1269.75,1270.4,642.5695
1670068500,1270.39,1270.4,1269.19,1269.39,508.2552
1670068800,1269.4,1270.8,1269,1269.92,608.2653
1670069100,1269.92,1270.98,1269.58,1270.97,689.6157
1670069400,1270.98,1271.64,1270.64,1271.63,534.854
1670069700,1271.64,1271.64,1270.89,1271.46,569.8077
1670070000,1271.46,1271.65,1270.85,1271.28,534.8684
1670070300,1271.28,1271.54,1270.51,1270.52,461.6011
1670070600,1270.52,1270.59,1269.01,1269.39,668.2511
1670070900,1269.39,1269.93,1268.22,1269.93,722.0975
1670071200,1269.92,1270.11,1268.74,1268.74,710.6471
1670071500,1268.75,1270.39,1268.74,1270.32,677.5149
1670071800,1270.32,1272.41,1270.15,1272.06,927.2191
1670072100,1272.07,1272.65,1271.88,1272.38,482.3731
1670072400,1272.37,1272.51,1271.24,1272.41,344.0321
1670072700,1272.4,1273,1272.25,1272.99,619.1743
1670073000,1272.99,1273.33,1271.79,1271.8,511.3869
1670073300,1271.8,1272.06,1270.43,1270.52,674.617
1670073600,1270.53,1272.26,1270.52,1271.78,409.7452
1670073900,1271.77,1272.49,1271.77,1272.43,351.7981
1670074200,1272.43,1272.53,1271.64,1271.65,207.252
1670074500,1271.64,1271.65,1270,1271.23,1023.2509
1670074800,1271.24,1271.26,1270.62,1271.06,508.1201
1670075100,1271.06,1271.06,1270.4,1270.41,544.7383
1670075400,1270.4,1271.68,1269.97,1271.68,439.9155
1670075700,1271.67,1272.42,1270.9,1271.1,802.2506
1670076000,1271.11,1271.14,1270.15,1270.61,659.5229
1670076300,1270.6,1271.01,1270.06,1271,548.7251
1670076600,1271.01,1271.18,1270.53,1271.17,538.4271
1670076900,1271.17,1271.55,1271.17,1271.32,331.6162
1670077200,1271.33,1271.85,1269.36,1269.92,826.0796
1670077500,1269.91,1270.33,1267.8,1269.48,1647.8469
1670077800,1269.48,1270.43,1269.48,1269.89,718.0662
1670078100,1269.88,1270.15,1268.99,1269.13,427.8175
1670078400,1269.13,1269.73,1268.69,1269.73,352.181
1670078700,1269.73,1269.78,1267.52,1267.53,742.706
1670079000,1267.52,1268.47,1266.52,1267.85,1019.9829
1670079300,1267.85,1269.06,1267.85,1269.01,864.3556
1670079600,1269.02,1271.03,1268.41,1271.02,1204.289
1670079900,1271.03,1271.44,1270.43,1271.41,644.5503
1670080200,1271.42,1271.49,1270.78,1270.78,818.7622
1670080500,1270.79,1272,1270.78,1271.6,799.2495
1670080800,1271.59,1272.83,1271.59,1272.56,1357.2763
1670081100,1272.57,1275.2,1272.53,1273.42,2022.2781
1670081400,1273.42,1274.2,1272.25,1272.64,848.3893
1670081700,1272.63,1272.99,1271.45,1272.38,577.179
1670082000,1272.37,1272.75,1272.04,1272.21,661.8638
1670082300,1272.21,1272.25,1271.22,1271.23,853.6595
1670082600,1271.22,1271.56,1271.07,1271.1,472.0723
1670082900,1271.11,1271.74,1271.04,1271.04,710.2584
1670083200,1271.04,1271.14,1270.33,1270.83,795.7997
1670083500,1270.84,1271.3,1270.71,1271.01,404.673
1670083800,1271.02,1271.11,1270.34,1270.34,326.1554
1670084100,1270.34,1271.01,1270.29,1270.92,580.2321
1670084400,1270.92,1271.44,1270.91,1271.36,192.1479
1670084700,1271.35,1271.36,1269.6,1269.64,772.9868
1670085000,1269.64,1269.65,1268,1268.14,1479.4196
1670085300,1268.15,1268.52,1268,1268,567.3201
1670085600,1268.01,1268.9,1268,1268.43,525.0733
1670085900,1268.43,1269.18,1267.39,1269.17,708.3999
1670086200,1269.17,1269.6,1268.89,1269.1,414.3866
1670086500,1269.09,1269.1,1267.39,1267.86,823.7921
1670086800,1267.85,1268.68,1266.58,1268.62,1692.3153
1670087100,1268.62,1268.62,1266.1,1266.63,1568.2569
1670087400,1266.63,1267.17,1264.28,1265.16,1993.0948
1670087700,1265.16,1268.87,1265.16,1268.62,1419.6363
1670088000,1268.63,1269.05,1268.11,1268.97,551.0028
1670088300,1268.98,1268.98,1267.86,1268.8,670.3492
1670088600,1268.79,1270.25,1267.66,1270.24,998.5398
1670088900,1270.24,1270.61,1269.29,1270,860.4605
1670089200,1269.99,1270,1269,1269.6,361.7797
1670089500,1269.61,1269.93,1269.23,1269.73,409.1026
1670089800,1269.72,1270.58,1269.62,1270.55,410.4317
1670090100,1270.55,1271,1270.46,1270.82,685.0179
1670090400,1270.82,1271.48,1270.62,1271.23,604.9165
1670090700,1271.23,1271.37,1269.93,1269.94,451.8789
1670091000,1269.93,1270.24,1269.52,1270,543.4938
1670091300,1270.01,1270.39,1269.6,1270.32,340.1324
1670091600,1270.31,1270.6,1269.93,1269.94,361.0903
1670091900,1269.93,1270.21,1269.71,1269.89,345.8727
1670092200,1269.89,1270.51,1269.43,1269.98,470.3023
1670092500,1269.97,1270.3,1268.69,1269.32,430.9869
1670092800,1269.32,1269.5,1269,1269.11,363.7829
1670093100,1269.11,1270.05,1268.85,1269.37,532.821
1670093400,1269.37,1269.82,1268,1269.48,744.9915
1670093700,1269.48,1270.1,1269.48,1269.94,213.6763
1670094000,1269.94,1270.62,1269.82,1270.61,309.9516
1670094300,1270.61,1270.62,1269.37,1269.48,642.5382
1670094600,1269.48,1269.48,1268.5,1268.58,618.9578
1670094900,1268.58,1268.98,1268.5,1268.94,455.8664
1670095200,1268.94,1268.94,1268.22,1268.32,342.9107
1670095500,1268.31,1268.32,1266.58,1266.63,835.1819
1670095800,1266.63,1267.46,1266,1266.34,800.3334
1670096100,1266.34,1266.9,1262.34,1264.25,2104.0609
1670096400,1264.25,1265.05,1263.48,1264.24,991.6081
1670096700,1264.25,1266.58,1263.61,1266.57,845.2703
1670097000,1266.58,1267.12,1265.75,1265.87,495.7129
1670097300,1265.86,1266.2,1265.73,1266.19,334.2724
1670097600,1266.2,1266.3,1265.57,1266.3,797.9735
1670097900,1266.29,1266.55,1265.94,1266.04,345.5664
1670098200,1266.04,1266.33,1265.85,1266.27,392.2674
1670098500,1266.26,1266.64,1265.68,1266.64,580.4847
1670098800,1266.63,1266.64,1265.76,1265.76,545.3027
1670099100,1265.77,1266.27,1265.7,1266.05,659.5894
1670099400,1266.05,1266.05,1263.71,1263.71,913.4039
1670099700,1263.72,1264.7,1263.44,1264.37,596.6247
1670100000,1264.38,1265.67,1264.37,1265.66,215.7762
1670100300,1265.66,1265.67,1263.73,1263.97,601.3556
1670100600,1263.97,1264.22,1263.1,1263.36,426.9602
1670100900,1263.36,1264.73,1261.43,1264.66,899.3147
1670101200,1264.66,1264.72,1263,1263,750.4589
1670101500,1263.01,1263.01,1252.56,1259.69,10529.9782
1670101800,1259.68,1260.3,1258.35,1259.74,1188.6481
1670102100,1259.73,1261.96,1259.32,1261.52,1042.3717
1670102400,1261.52,1261.52,1258.02,1259.24,1197.8465
1670102700,1259.23,1259.24,1258.08,1258.25,597.518
1670103000,1258.26,1258.4,1256.65,1256.91,1196.1497
1670103300,1256.92,1259.09,1255.83,1258.57,1240.0609
1670103600,1258.57,1258.57,1257.44,1257.52,457.9299
1670103900,1257.51,1259.17,1257.51,1258.9,453.1099
1670104200,1258.91,1260.96,1258.48,1260.83,643.7956
1670104500,1260.82,1261.41,1260.33,1261.24,516.441
1670104800,1261.24,1261.44,1260.16,1260.16,676.5982
1670105100,1260.16,1260.71,1259.79,1259.91,575.573
1670105400,1259.91,1259.91,1258.15,1258.69,532.1907
1670105700,1258.69,1259.67,1258.46,1258.8,549.9584
1670106000,1258.8,1259.08,1255.98,1256.34,1061.2854
1670106300,1256.34,1257.8,1256.22,1257.69,486.3281
1670106600,1257.68,1257.69,1241.65,1244.41,12296.7874
1670106900,1244.4,1245.78,1237,1243.9,9700.5605
1670107200,1243.91,1244,1239.26,1240.09,3120.4555
1670107500,1240.08,1240.66,1236.26,1239.31,2606.1128
1670107800,1239.3,1243.16,1239.3,1242.43,1381.7042
1670108100,1242.43,1242.43,1240.69,1242.01,1412.6848
1670108400,1242.02,1243.1,1240.22,1240.66,2360.1387
1670108700,1240.67,1241.95,1238.75,1240.77,1835.8203
1670109000,1240.77,1241.79,1239.28,1239.67,1132.5367
1670109300,1239.66,1240.97,1239.31,1240.76,977.8907
1670109600,1240.77,1240.77,1238.76,1240.25,891.964
1670109900,1240.25,1241.48,1238.04,1240.75,2241.1859
1670110200,1240.75,1241.1,1237.08,1237.87,1847.3866
1670110500,1237.87,1240.16,1236.91,1240.06,2092.8478
1670110800,1240.06,1242.66,1240.05,1242.22,1568.9075
1670111100,1242.22,1242.27,1240.54,1241.87,1090.9444
1670111400,1241.87,1241.9,1240.87,1241.78,625.964
1670111700,1241.79,1241.79,1239.71,1240.51,1868.8653
1670112000,1240.5,1242.56,1240.1,1242.55,1332.831
1670112300,1242.55,1246.6,1242.35,1246.3,2514.4387
1670112600,1246.31,1248.2,1245.35,1246.96,1649.368
1670112900,1246.96,1251.1,1246.5,1249.79,2828.3144
1670113200,1249.78,1252.99,1248.84,1250.49,1559.9265
1670113500,1250.49,1251.49,1249.75,1250.91,1060.4301
1670113800,1250.92,1252.58,1249.9,1252.5,871.7425
1670114100,1252.5,1252.5,1249.7,1250.89,1251.9051
1670114400,1250.9,1253.21,1250.24,1252.67,1175.7493
1670114700,1252.68,1252.7,1251.2,1251.23,1134.9014
1670115000,1251.24,1252.37,1250.8,1252.37,807.5094
1670115300,1252.36,1252.37,1250.8,1251.18,463.9138
1670115600,1251.19,1252.63,1250.88,1251.86,821.1295
1670115900,1251.85,1252.39,1250.14,1250.29,641.4527
1670116200,1250.29,1250.88,1249.06,1249.25,1075.7408
1670116500,1249.24,1252.92,1243.86,1252.67,5449.919
1670116800,1252.67,1260.37,1251.8,1259.94,5087.9763
1670117100,1259.93,1263.73,1259.35,1260.06,3517.094
1670117400,1260.06,1260.16,1258.87,1259.36,1492.9477
1670117700,1259.37,1259.5,1256.76,1257.05,1655.6873
1670118000,1257.05,1257.99,1255.91,1256.65,1619.4824
1670118300,1256.64,1256.94,1256.11,1256.94,684.8621
1670118600,1256.94,1257.88,1255.72,1256.56,996.388
1670118900,1256.56,1256.57,1255.76,1256.29,610.8401
1670119200,1256.28,1256.43,1254.28,1254.55,1023.509
1670119500,1254.55,1254.94,1253.66,1254.93,903.581
1670119800,1254.94,1255.5,1254.32,1255.4,441.894
1670120100,1255.41,1256.37,1255.4,1256.24,459.5519
1670120400,1256.25,1259.03,1256.24,1259.03,1126.6599
1670120700,1259.03,1260.09,1258.27,1258.53,1820.5609
1670121000,1258.52,1260.14,1257.86,1260.13,1206.7511
1670121300,1260.13,1260.82,1259.31,1259.4,1045.7998
1670121600,1259.4,1260.56,1259.39,1259.88,878.1021
1670121900,1259.88,1259.94,1258.78,1259.14,744.1886
1670122200,1259.13,1259.54,1259,1259.09,1112.2998
1670122500,1259.09,1259.61,1259.04,1259.61,674.5144
1670122800,1259.6,1259.88,1259,1259.01,1387.6246
1670123100,1259,1259.57,1259,1259.08,739.0449
1670123400,1259.08,1259.44,1259,1259,2510.373
1670123700,1259,1259.2,1255.64,1256.27,1143.6648
1670124000,1256.28,1257.04,1255.96,1256.28,493.4861
1670124300,1256.29,1256.29,1255.13,1256.29,1015.9121
1670124600,1256.28,1256.5,1255.41,1256.46,729.2667
1670124900,1256.47,1258.04,1256.23,1257.59,396.6466
1670125200,1257.6,1257.88,1257.21,1257.61,838.3195
1670125500,1257.61,1258.29,1257.02,1257.02,715.0173
1670125800,1257.02,1257.08,1255.91,1256.14,816.7594
1670126100,1256.14,1257.04,1255.9,1257.04,557.5156
1670126400,1257.03,1257.73,1257.03,1257.47,471.9174
1670126700,1257.47,1259.66,1257.47,1259.33,911.2262
1670127000,1259.33,1259.87,1259.17,1259.67,650.3622
1670127300,1259.68,1260.16,1258.53,1258.8,1772.6239
1670127600,1258.8,1260,1258.69,1258.69,761.4087
1670127900,1258.69,1259.9,1258.69,1259.6,497.1276
1670128200,1259.6,1262.74,1259.59,1262.58,1945.4388
1670128500,1262.57,1262.67,1259.87,1260.24,1011.8232
1670128800,1260.24,1261.63,1259.89,1261.63,755.3255
1670129100,1261.62,1263.06,1261.62,1262.86,950.6824
1670129400,1262.86,1266.6,1262.85,1263.15,2438.6474
1670129700,1263.16,1264.19,1261.85,1262.56,1158.4002
1670130000,1262.56,1264.17,1262.56,1264.16,701.0768
1670130300,1264.17,1267.35,1264.01,1264.11,2539.4451
1670130600,1264.12,1265,1262.78,1263.39,1267.428
1670130900,1263.4,1263.4,1261.89,1261.9,976.8075
1670131200,1261.9,1262.68,1261.69,1262.33,589.9429
1670131500,1262.32,1262.95,1262.1,1262.53,752.2868
1670131800,1262.53,1263.09,1259.61,1259.61,6208.1672
1670132100,1259.61,1260.33,1259.38,1260.33,1040.6047
1670132400,1260.33,1260.33,1258.45,1259.64,952.6098
1670132700,1259.63,1260.13,1259.48,1259.83,430.1847
1670133000,1259.82,1260.19,1259.57,1260.01,462.7892
1670133300,1260,1260.26,1259.83,1260.08,405.0433
1670133600,1260.07,1261.29,1260.07,1261.2,796.2638
1670133900,1261.2,1261.23,1260.02,1260.22,662.69
1670134200,1260.21,1260.76,1259.82,1259.99,494.5388
1670134500,1259.99,1260.48,1258.45,1260.48,981.5684
1670134800,1260.48,1261.27,1259.63,1259.63,635.1575
1670135100,1259.63,1260.43,1259.63,1260.26,410.0797
1670135400,1260.27,1261.05,1259.47,1259.64,482.1529
1670135700,1259.65,1259.65,1257.45,1257.9,1051.9457
1670136000,1257.91,1258.45,1257.2,1257.42,727.4595
1670136300,1257.42,1258.24,1257.37,1257.38,582.5511
1670136600,1257.38,1257.53,1256.34,1256.64,575.0468
1670136900,1256.64,1257.5,1256.33,1257.5,341.9863
1670137200,1257.49,1257.56,1257.05,1257.05,214.0108
1670137500,1257.06,1257.44,1255.91,1256.28,492.6385
1670137800,1256.27,1257,1256.27,1256.99,513.3958
1670138100,1256.99,1257,1256.27,1256.55,334.2752
1670138400,1256.54,1256.83,1254.88,1256.05,3720.0147
1670138700,1256.06,1256.06,1254.39,1254.97,897.252
1670139000,1254.96,1255.9,1253.5,1255.77,1134.9088
1670139300,1255.77,1256.49,1255.24,1256.49,566.1406
1670139600,1256.49,1257.52,1256.47,1257.51,553.8049
1670139900,1257.51,1257.83,1257,1257.77,369.6281
1670140200,1257.78,1258.02,1257.18,1257.39,353.1359
1670140500,1257.4,1257.4,1256.86,1257.03,463.1854
1670140800,1257.02,1257.93,1256.69,1256.7,1231.9029
1670141100,1256.71,1257.33,1256.57,1256.87,365.9556
1670141400,1256.88,1256.88,1255.19,1255.43,805.9084
1670141700,1255.42,1260.66,1253.07,1259.84,2459.3366
1670142000,1259.84,1263.65,1258.55,1259.64,4003.3951
1670142300,1259.64,1260.02,1258.47,1259.57,719.9453
1670142600,1259.57,1262.14,1259.56,1260.42,1021.3814
1670142900,1260.43,1260.44,1259.09,1259.66,585.8054
1670143200,1259.65,1259.89,1258.71,1259.63,701.4109
1670143500,1259.62,1259.71,1258.73,1258.9,779.7034
1670143800,1258.89,1259.51,1258.89,1259.44,750.1431
1670144100,1259.43,1259.85,1258.41,1258.41,419.8623
1670144400,1258.41,1259.21,1258.26,1259.08,1188.7228
1670144700,1259.08,1259.91,1258.93,1259.9,256.8582
1670145000,1259.9,1260.02,1258.94,1258.95,512.5187
1670145300,1258.94,1260.42,1258.94,1260.41,481.8805
1670145600,1260.41,1261.46,1259.98,1261.28,1056.7342
1670145900,1261.28,1261.86,1260.17,1260.18,746.4207
1670146200,1260.18,1260.99,1260.17,1260.81,226.7859
1670146500,1260.81,1260.82,1259.07,1259.25,558.5794
1670146800,1259.26,1259.36,1258.57,1259.18,598.6754
1670147100,1259.17,1259.3,1258.66,1258.79,751.9951
1670147400,1258.79,1259.35,1257.59,1257.66,1145.4516
1670147700,1257.66,1257.84,1256.81,1257.3,630.2718
1670148000,1257.31,1257.43,1256.71,1256.72,346.0953
1670148300,1256.72,1257.08,1256.33,1256.43,535.0738
1670148600,1256.43,1256.72,1255.92,1256.47,312.1554
1670148900,1256.47,1257.16,1255.94,1256.66,440.1281
1670149200,1256.66,1257.84,1256.14,1257.4,457.3467
1670149500,1257.39,1257.82,1256.81,1257.37,418.133
1670149800,1257.37,1257.71,1256.52,1257.47,638.7227
1670150100,1257.48,1257.63,1256.95,1257.35,958.6933
1670150400,1257.35,1258.67,1257.14,1258.64,860.248
1670150700,1258.63,1259.28,1258.26,1258.32,621.8681
1670151000,1258.32,1259.22,1257.78,1259.13,1567.994
1670151300,1259.13,1259.62,1257.94,1258.06,683.7625
1670151600,1258.06,1258.5,1257.93,1258.26,237.8796
1670151900,1258.26,1258.47,1258.11,1258.43,278.827
1670152200,1258.42,1258.45,1257.64,1257.67,432.9389
1670152500,1257.68,1257.92,1256.76,1256.91,519.6076
1670152800,1256.91,1257.12,1253.98,1254.8,2293.0974
1670153100,1254.81,1256.5,1254.63,1255.38,1459.1904
1670153400,1255.38,1255.38,1253.47,1254.86,1642.955
1670153700,1254.86,1254.89,1252.89,1254.52,1675.8468
1670154000,1254.51,1255.55,1251.64,1255,1663.3378
1670154300,1255,1256.33,1255,1255.55,1158.0742
1670154600,1255.56,1255.56,1254.69,1254.77,384.82
1670154900,1254.78,1254.99,1254.33,1254.94,385.5111
1670155200,1254.94,1255.69,1254.8,1254.86,420.594
1670155500,1254.86,1255.36,1254.35,1254.42,422.0473
1670155800,1254.42,1254.7,1251.72,1252.6,1792.4514
1670156100,1252.61,1255.88,1249.65,1254.99,2621.5974
1670156400,1254.99,1255.34,1254.23,1254.96,744.4333
1670156700,1254.95,1255.46,1254.92,1255.26,443.0974
1670157000,1255.27,1256.4,1255.12,1256.32,776.1855
1670157300,1256.33,1257.54,1256.24,1257.5,923.6951
1670157600,1257.5,1257.5,1256.45,1257.15,1521.2472
1670157900,1257.15,1257.72,1255.84,1256.04,1519.7502
1670158200,1256.04,1256.24,1255.54,1256.24,761.5825
1670158500,1256.23,1257.08,1255.79,1257.08,620.7054
1670158800,1257.07,1257.27,1256.47,1256.96,854.7209
1670159100,1256.96,1256.96,1256.49,1256.5,918.2561
1670159400,1256.49,1256.64,1256.21,1256.42,730.6732
1670159700,1256.42,1256.44,1254.84,1254.9,682.6546
1670160000,1254.91,1255.08,1253.68,1254.96,1031.0826
1670160300,1254.96,1255.1,1254.49,1254.99,818.5037
1670160600,1254.99,1255.49,1254.36,1254.37,398.2532
1670160900,1254.38,1254.38,1252.62,1254,1057.2807
1670161200,1253.99,1254.53,1253.56,1254.1,772.4022
1670161500,1254.11,1254.54,1253.63,1254.41,829.7278
1670161800,1254.4,1254.41,1250.88,1253.53,1126.9221
1670162100,1253.52,1254.64,1253.23,1254.53,974.8339
1670162400,1254.53,1255.19,1254.49,1254.97,781.8025
1670162700,1254.98,1254.98,1253.43,1253.51,924.1577
1670163000,1253.51,1254.08,1253,1253.53,661.0648
1670163300,1253.53,1254.07,1252.03,1252.17,974.4685
1670163600,1252.17,1252.59,1251.36,1251.39,918.7617
1670163900,1251.38,1251.58,1250.73,1251.16,1062.1034
1670164200,1251.17,1253.29,1251.16,1253.29,652.136
1670164500,1253.28,1254.74,1253.06,1254.74,804.1542
1670164800,1254.74,1256.37,1254.73,1255.28,1096.2768
1670165100,1255.28,1258.89,1255.13,1256.74,1965.8696
1670165400,1256.74,1260,1256.11,1259.46,2800.6113
1670165700,1259.47,1261.56,1258.51,1259.55,2019.5701
1670166000,1259.55,1262.48,1259.12,1259.75,2779.1582
1670166300,1259.76,1260.84,1259.43,1259.44,1633.5264
1670166600,1259.43,1259.61,1258.05,1258.68,871.9444
1670166900,1258.68,1259.07,1257.05,1257.32,677.5465
1670167200,1257.33,1258.07,1256.68,1258.06,764.8458
1670167500,1258.06,1260.5,1258.06,1260.5,898.4218
1670167800,1260.49,1260.58,1258.79,1259.1,588.6861
1670168100,1259.1,1259.39,1258.62,1258.84,617.3088
1670168400,1258.83,1258.88,1258.26,1258.32,740.6901
1670168700,1258.32,1260.79,1258.31,1259.77,1025.2685
1670169000,1259.77,1261.09,1259.77,1260.61,661.0778
1670169300,1260.62,1260.89,1259.83,1259.83,335.93
1670169600,1259.84,1263.84,1259.83,1262.13,1496.2374
1670169900,1262.13,1262.17,1260.46,1260.46,598.9186
1670170200,1260.46,1261.08,1259.7,1260.12,797.6184
1670170500,1260.13,1261.33,1259.51,1261.33,656.2477
1670170800,1261.32,1262.39,1260.88,1262.39,609.2905
1670171100,1262.38,1264.16,1262.07,1262.81,791.5836
1670171400,1262.82,1266.58,1260.24,1260.35,2748.0457
1670171700,1260.3,1261.42,1259.54,1260.59,681.1055
1670172000,1260.59,1260.6,1259.56,1260.04,713.5379
1670172300,1260.03,1260.61,1259.76,1260.39,438.1737
1670172600,1260.38,1260.39,1259.14,1259.24,570.4058
1670172900,1259.24,1259.39,1257.81,1259.38,860.0192
1670173200,1259.38,1259.44,1258.01,1258.1,429.9474
1670173500,1258.09,1258.62,1256.65,1257.06,835.6144
1670173800,1257.07,1258.95,1257.06,1258,444.7634
1670174100,1258.01,1258.63,1257.58,1257.67,451.7466
1670174400,1257.67,1258.71,1257.67,1258.71,427.2464
1670174700,1258.7,1259.15,1258.43,1258.88,435.3723
1670175000,1258.87,1259.01,1257.99,1258.35,384.0247
1670175300,1258.35,1258.36,1257.54,1257.83,375.7482
1670175600,1257.84,1258.1,1257.62,1258.03,398.5942
1670175900,1258.04,1259.13,1257.96,1258.88,364.0462
1670176200,1258.88,1262.91,1258.37,1261.33,1417.5947
1670176500,1261.33,1269.97,1261.32,1268.95,5602.1914
1670176800,1268.96,1278.64,1268.95,1274.19,10067.2666
1670177100,1274.19,1274.3,1270.22,1270.29,1763.9558
1670177400,1270.28,1270.29,1267.69,1269.19,1557.0079
1670177700,1269.19,1269.93,1267.6,1268.49,1207.0021
1670178000,1268.49,1272.24,1268.28,1271.49,1400.5374
1670178300,1271.49,1272.13,1270.84,1271.3,966.9754
1670178600,1271.3,1272.81,1269.51,1269.51,1921.1926
1670178900,1269.51,1270.39,1269.51,1270,627.3984
1670179200,1270,1272.13,1270,1272.13,1106.3638
1670179500,1272.13,1273.66,1270.12,1270.12,2274.2958
1670179800,1270.13,1275,1266.8,1272.57,5765.8504
1670180100,1272.57,1274.77,1268.4,1273.24,6353.842
1670180400,1273.24,1282.76,1269.76,1278.14,11667.4722
1670180700,1278.13,1281.17,1277.51,1278.68,4339.3372
1670181000,1278.67,1279.18,1277.38,1279.07,1314.1342
1670181300,1279.07,1280.4,1277.54,1278.41,1281.1586
1670181600,1278.41,1278.79,1276.32,1277.11,1182.2278
1670181900,1277.12,1279.03,1276.57,1278.87,1207.2352
1670182200,1278.86,1278.87,1276.87,1277.24,574.5329
1670182500,1277.25,1278.32,1276.79,1278.3,426.7888
1670182800,1278.3,1279.84,1278.2,1279.67,1033.3274
1670183100,1279.67,1279.67,1277.99,1278.97,880.1165
1670183400,1278.98,1278.98,1277.55,1278.12,718.4894
1670183700,1278.12,1279.48,1277.87,1278.5,991.6348
1670184000,1278.49,1279.14,1277.59,1277.6,1110.5721
1670184300,1277.59,1278.09,1277.51,1277.79,647.6791
1670184600,1277.79,1278.93,1277.67,1278.49,336.0099
1670184900,1278.49,1279.38,1277.54,1277.67,376.6763
1670185200,1277.67,1278.01,1276.85,1276.86,813.8096
1670185500,1276.86,1277.42,1276.85,1277.41,207.7738
1670185800,1277.41,1279.24,1276.62,1279.23,853.4207
1670186100,1279.24,1281.83,1279.23,1280.42,1240.7376
1670186400,1280.42,1282.25,1279.4,1281.36,1103.0135
1670186700,1281.36,1283,1278.94,1279.21,1409.4844
1670187000,1279.21,1279.67,1278.06,1278.38,478.1952
1670187300,1278.39,1278.39,1277.17,1277.58,598.0622
1670187600,1277.57,1277.88,1276.82,1277.2,917.5518
1670187900,1277.2,1277.29,1276.66,1276.67,553.9131
1670188200,1276.68,1277.2,1276.67,1277.16,459.4626
1670188500,1277.15,1277.29,1275.93,1276.54,1154.9524
1670188800,1276.55,1276.55,1274.39,1275.27,1009.7051
1670189100,1275.27,1275.99,1274.97,1275.41,643.1971
1670189400,1275.42,1275.55,1275.12,1275.47,495.1058
1670189700,1275.47,1276.1,1274.98,1275.34,850.4097
1670190000,1275.34,1277.09,1275.33,1277.09,657.3906
1670190300,1277.08,1277.47,1276.27,1277.43,258.8439
1670190600,1277.42,1277.43,1276.75,1277.2,684.0303
1670190900,1277.21,1277.21,1276.23,1276.54,558.1526
1670191200,1276.54,1276.6,1275.31,1275.44,520.5741
1670191500,1275.44,1277.01,1275.16,1276.53,580.3447
1670191800,1276.54,1276.71,1274.35,1274.66,609.184
1670192100,1274.67,1276.25,1274.25,1275.21,468.2756
1670192400,1275.22,1275.78,1275.21,1275.75,218.5426
1670192700,1275.74,1275.91,1275.36,1275.56,786.1418
1670193000,1275.57,1276.19,1275.56,1276.08,298.9112
1670193300,1276.08,1276.13,1273.88,1273.89,546.0539
1670193600,1273.88,1274.46,1272.31,1273.62,1344.3256
1670193900,1273.63,1275.73,1273.62,1275.42,324.4675
1670194200,1275.41,1275.76,1275.18,1275.46,278.4468
1670194500,1275.45,1275.91,1275.26,1275.59,319.0503
1670194800,1275.6,1278.95,1275.25,1277.88,1780.7258
1670195100,1277.88,1280.2,1277.48,1279.25,1161.661
1670195400,1279.25,1279.58,1277.76,1278.95,716.0014
1670195700,1278.95,1279.75,1277.22,1277.23,870.4731
1670196000,1277.23,1277.79,1276.82,1277.33,516.541
1670196300,1277.33,1279.97,1277.23,1279.97,550.9244
1670196600,1279.97,1287.19,1279.66,1281.14,5327.2782
1670196900,1281.13,1281.14,1276.24,1276.47,1917.5168
1670197200,1276.46,1279,1276.14,1278.81,891.6975
1670197500,1278.82,1282.15,1278.44,1282.03,989.3899
1670197800,1282.02,1282.95,1280.86,1281.2,686.4425
1670198100,1281.21,1281.34,1279.25,1279.41,771.3864
1670198400,1279.4,1279.65,1276.68,1277.12,1647.2662
1670198700,1277.12,1278.04,1276.83,1277.8,923.9015
1670199000,1277.79,1280.89,1277.68,1278.9,747.9797
1670199300,1278.89,1279.66,1276.81,1278.37,604.618
1670199600,1278.37,1279.39,1277.41,1278.96,334.4621
1670199900,1278.97,1283.54,1278.59,1283.54,1472.0658
1670200200,1283.53,1288.72,1282.78,1287.48,3294.1217
1670200500,1287.47,1294.4,1287.28,1291.5,7583.5153
1670200800,1291.5,1293.04,1289.23,1291.07,3597.2258
1670201100,1291.08,1293.79,1289.23,1290.24,2300.1679
1670201400,1290.23,1290.24,1287.66,1288.58,1232.5663
1670201700,1288.59,1289.73,1287.16,1288.75,1084.5359
1670202000,1288.74,1289.97,1288.24,1288.35,748.5796
1670202300,1288.35,1288.44,1287.57,1287.65,562.204
1670202600,1287.65,1290.19,1287.65,1289.69,799.0001
1670202900,1289.69,1289.7,1287.24,1287.31,1089.607
1670203200,1287.31,1289.35,1287.31,1289.13,585.8743
1670203500,1289.12,1289.67,1287.24,1287.25,606.7753
1670203800,1287.24,1289.59,1287.24,1289.5,439.8274
1670204100,1289.5,1290.13,1288.15,1288.15,673.0395
1670204400,1288.15,1289.02,1287.7,1287.77,486.4763
1670204700,1287.77,1289.83,1286.26,1289.56,1441.9163
1670205000,1289.57,1292.08,1289.11,1290.75,1890.9674
1670205300,1290.76,1292.02,1290.29,1290.7,1232.2633
1670205600,1290.69,1293.03,1290.31,1290.31,1174.2985
1670205900,1290.32,1291.58,1290.07,1290.23,1055.2835
1670206200,1290.23,1291.35,1290.2,1291.06,837.4551
1670206500,1291.05,1291.25,1289.12,1289.43,2004.0487
1670206800,1289.42,1292.47,1289.42,1292.16,2020.2586
1670207100,1292.15,1295.88,1292.15,1292.8,2591.4807
1670207400,1292.8,1293.19,1291.8,1292.12,893.4177
1670207700,1292.13,1293.3,1291.98,1292.99,642.831
1670208000,1293,1295.55,1292.99,1293.58,1533.3657
1670208300,1293.58,1297.58,1293.58,1295.31,2897.4969
1670208600,1295.31,1295.61,1294.4,1294.83,1211.7322
1670208900,1294.83,1295.93,1292.01,1292.15,1527.2094
1670209200,1292.15,1292.8,1290.88,1291.99,1517.627
1670209500,1291.98,1293.97,1291.98,1292.69,1014.4969
1670209800,1292.7,1293.05,1292.22,1292.53,575.5087
1670210100,1292.53,1294.43,1292.53,1293.16,1031.7393
1670210400,1293.16,1293.24,1292.29,1292.77,1050.4269
1670210700,1292.76,1297.44,1292.76,1297,5543.4646
1670211000,1297.01,1297.01,1294.2,1294.21,3127.8855
1670211300,1294.2,1295.2,1291.31,1292.06,3820.5121
1670211600,1292.06,1293.28,1291.41,1291.41,1299.2407
1670211900,1291.41,1292.51,1291.41,1292.36,694.2478
1670212200,1292.35,1292.72,1291.47,1291.66,735.1674
1670212500,1291.67,1291.67,1290.14,1290.85,1062.7511
1670212800,1290.86,1291.29,1290.51,1290.52,604.0364
1670213100,1290.52,1291.26,1290.47,1290.85,802.3031
1670213400,1290.84,1290.85,1289.87,1289.87,450.0095
1670213700,1289.87,1290.85,1289.75,1290.48,716.3997
1670214000,1290.47,1291.32,1290.47,1290.86,385.336
1670214300,1290.85,1291.2,1290.18,1290.18,406.2283
1670214600,1290.18,1290.21,1289.95,1290.01,336.906
1670214900,1290.01,1290.69,1289.95,1290.4,351.9763
1670215200,1290.41,1297.66,1290.4,1295.44,3422.3148
1670215500,1295.43,1299.52,1293.4,1295.32,4014.8573
1670215800,1295.32,1297.37,1293.93,1296.89,1919.8583
1670216100,1296.89,1303.81,1296.08,1300.64,8580.2825
1670216400,1300.64,1303.98,1300.63,1301.62,3128.4268
1670216700,1301.62,1304.77,1299.58,1299.7,2119.3698
1670217000,1299.7,1300,1298.26,1298.42,1076.289
1670217300,1298.42,1298.87,1296.15,1297.34,1314.3795
1670217600,1297.34,1298.55,1297,1297.51,706.5428
1670217900,1297.5,1298.85,1297.5,1298.62,884.2156
1670218200,1298.62,1299.04,1297.84,1297.85,865.5131
1670218500,1297.85,1298.74,1296.58,1298.67,1125.1422
1670218800,1298.67,1298.67,1296.26,1296.26,648.941
1670219100,1296.26,1297.5,1296.26,1296.48,596.7996
1670219400,1296.47,1296.95,1295.25,1295.48,1188.9504
1670219700,1295.48,1297.31,1295.1,1297.31,808.9641
1670220000,1297.31,1297.91,1296.66,1297.45,1051.7972
1670220300,1297.44,1297.67,1295.2,1295.21,1439.6753
1670220600,1295.2,1295.96,1294.48,1294.79,2260.558
1670220900,1294.79,1296.22,1294.65,1296.04,501.5242
1670221200,1296.03,1296.47,1294.7,1295.59,915.7678
1670221500,1295.58,1297.35,1295.42,1295.43,722.4779
1670221800,1295.42,1295.55,1294.78,1295.16,775.9218
1670222100,1295.16,1295.68,1295.16,1295.42,843.0739
1670222400,1295.42,1296.96,1295.13,1296.87,1091.3146
1670222700,1296.87,1297.15,1295.81,1296.11,1113.2636
1670223000,1296.12,1296.49,1294.32,1294.97,1172.5751
1670223300,1294.97,1295.83,1294.85,1295.79,430.3621
1670223600,1295.8,1295.96,1295.17,1295.18,588.8379
1670223900,1295.17,1295.45,1294.75,1294.8,529.0052
1670224200,1294.81,1294.81,1293.7,1293.89,1162.1242
1670224500,1293.89,1295.24,1293.89,1295.1,483.142
1670224800,1295.1,1295.96,1295.09,1295.58,556.0819
1670225100,1295.59,1296.27,1295.52,1296.19,703.5197
1670225400,1296.19,1296.23,1295.53,1295.64,569.6065
1670225700,1295.64,1297.44,1295.41,1297.44,880.5158
1670226000,1297.43,1297.78,1296.47,1297.7,929.2767
1670226300,1297.7,1299.36,1297.59,1299.06,1174.9346
1670226600,1299.07,1300.2,1298.33,1298.86,911.249
1670226900,1298.87,1299.95,1296.7,1297.08,1509.4311
1670227200,1297.09,1298.11,1296.85,1296.99,1143.9425
1670227500,1296.99,1297.06,1295.86,1296.02,775.5441
1670227800,1296.01,1297.19,1295.66,1295.79,2312.2982
1670228100,1295.8,1297.33,1295.79,1297.27,1048.1093
1670228400,1297.28,1300.56,1296.67,1300.42,3365.7995
1670228700,1300.41,1305,1299.91,1301.62,4437.6946
1670229000,1301.62,1305.11,1301.18,1302.26,2818.0025
1670229300,1302.27,1302.27,1299.06,1300.21,2260.5528
1670229600,1300.22,1303.99,1300.21,1303.79,1579.9744
1670229900,1303.79,1304.16,1300.71,1301,2875.5359
1670230200,1301.01,1302.39,1300.44,1300.44,1387.6121
1670230500,1300.44,1302.99,1300.29,1301.64,1022.305
1670230800,1301.65,1301.91,1300.32,1300.55,1242.0238
1670231100,1300.54,1300.99,1297.54,1298.26,1977.6263
1670231400,1298.26,1299.11,1297.64,1298.8,1810.6873
1670231700,1298.8,1299.94,1298.8,1299.04,716.8155
1670232000,1299.05,1299.05,1292.17,1296.4,3144.9999
1670232300,1296.39,1296.4,1294.8,1295.75,811.0972
1670232600,1295.75,1296.92,1295,1296.91,540.4831
1670232900,1296.91,1298.59,1295.99,1298.59,712.5522
1670233200,1298.58,1299,1295.34,1295.71,931.4862
1670233500,1295.72,1296.91,1292.79,1295.95,2882.0986
1670233800,1295.95,1295.95,1294.01,1294.98,660.9524
1670234100,1294.99,1295.05,1293.79,1294.3,765.2349
1670234400,1294.31,1295.4,1294.11,1294.62,390.0366
1670234700,1294.63,1294.63,1291.86,1293.85,2032.7558
1670235000,1293.86,1295.88,1293.85,1294.89,619.2936
1670235300,1294.9,1295.95,1294.76,1295.86,441.2039
1670235600,1295.87,1295.87,1294.15,1294.56,670.7971
1670235900,1294.56,1295.58,1294.55,1295.37,477.4442
1670236200,1295.36,1295.37,1294.59,1294.69,444.2186
1670236500,1294.69,1295.27,1294.69,1294.87,447.3339
1670236800,1294.87,1296.87,1294.87,1296.86,707.2678
1670237100,1296.86,1297.86,1296.53,1296.63,553.5599
1670237400,1296.62,1296.84,1296.39,1296.67,372.1638
1670237700,1296.67,1296.85,1295.23,1296.01,667.9449
1670238000,1296.01,1296.01,1295.1,1295.1,427.7911
1670238300,1295.11,1295.32,1294.63,1295.3,524.7381
1670238600,1295.3,1296.19,1295.3,1296.19,346.4745
1670238900,1296.18,1296.97,1296.18,1296.46,619.7921
1670239200,1296.46,1296.79,1296.25,1296.62,300.103
1670239500,1296.62,1296.63,1295.03,1295.16,670.722
1670239800,1295.17,1296.6,1294.83,1294.84,1057.4053
1670240100,1294.84,1294.84,1293.21,1293.88,914.549
1670240400,1293.89,1294.55,1293.39,1293.66,1383.9508
1670240700,1293.66,1293.93,1293.47,1293.82,469.7753
1670241000,1293.82,1295.23,1293.81,1294.46,1014.4014
1670241300,1294.45,1295.32,1294.27,1295.13,372.1692
1670241600,1295.13,1295.13,1292.21,1292.54,1171.9552
1670241900,1292.54,1293.05,1288.32,1292.69,3296.1763
1670242200,1292.7,1294.34,1291.76,1292.43,1039.5228
1670242500,1292.44,1293.44,1289.11,1289.12,1296.256
1670242800,1289.12,1290.71,1289,1290.31,936.163
1670243100,1290.3,1291.18,1289.74,1290.37,523.2543
1670243400,1290.37,1290.56,1290.2,1290.47,522.8335
1670243700,1290.46,1291.32,1289.66,1289.66,586.2115
1670244000,1289.66,1289.92,1287.31,1289.72,1834.2851
1670244300,1289.71,1290.91,1289.18,1289.54,1255.5445
1670244600,1289.53,1290.33,1289.03,1290.31,838.1426
1670244900,1290.3,1290.45,1288.98,1290.31,733.2577
1670245200,1290.32,1290.65,1290.26,1290.28,324.9119
1670245500,1290.28,1290.48,1288.43,1288.45,335.1519
1670245800,1288.45,1289.66,1287.73,1289.65,671.0458
1670246100,1289.64,1289.76,1285.54,1289.76,1421.6391
1670246400,1289.75,1290.89,1289.06,1289.75,947.497
1670246700,1289.74,1290.9,1289.61,1290.81,632.0563
1670247000,1290.82,1291.54,1290.38,1291.37,1155.8109
1670247300,1291.37,1292.37,1291.36,1292.01,732.9659
1670247600,1292,1292.01,1290.28,1290.99,748.0514
1670247900,1291,1291.39,1287.84,1287.84,1240.6465
1670248200,1287.84,1289.22,1287.11,1287.46,1815.137
1670248500,1287.46,1287.46,1282.28,1285.83,2301.4309
1670248800,1285.82,1287.49,1283.29,1287.44,1969.1547
1670249100,1287.44,1287.99,1286.15,1287.59,1145.5704
1670249400,1287.6,1287.62,1286.29,1287.35,488.7028
1670249700,1287.35,1287.61,1286,1286.58,862.0345
1670250000,1286.59,1286.89,1285.61,1286.66,371.8123
1670250300,1286.67,1286.67,1282.47,1282.85,1648.8997
1670250600,1282.85,1285.61,1280.94,1285.55,1369.9397
1670250900,1285.55,1286.7,1285.45,1286.38,484.9361
1670251200,1286.37,1286.53,1285.1,1285.44,783.7792
1670251500,1285.44,1287.3,1283.84,1287.08,927.78
1670251800,1287.08,1287.19,1285.54,1285.82,901.1619
1670252100,1285.81,1285.82,1283.71,1285.11,930.2047
1670252400,1285.1,1285.11,1275.88,1279.67,9457.6173
1670252700,1279.67,1279.67,1265.29,1269.38,10632.1001
1670253000,1269.39,1271.55,1266,1266.37,3846.2935
1670253300,1266.37,1268.59,1264.18,1266.34,4462.4606
1670253600,1266.34,1266.34,1261.27,1264.99,4555.2247
1670253900,1264.99,1266.03,1262,1264.38,2304.1747
1670254200,1264.38,1265.03,1259.19,1264.39,4302.8653
1670254500,1264.39,1265.01,1262.38,1263.89,1628.0113
1670254800,1263.88,1266.19,1262.57,1265.83,1443.5618
1670255100,1265.83,1266.82,1264.5,1266.33,1951.5185
1670255400,1266.33,1266.43,1264.68,1265.01,1674.304
1670255700,1265.01,1266.68,1265,1266.59,1094.8719
1670256000,1266.59,1266.6,1263.82,1265.93,1928.9848
1670256300,1265.93,1268.41,1265.66,1268.41,1308.7047
1670256600,1268.4,1269.55,1267.31,1268.81,1767.7142
1670256900,1268.81,1269.04,1264.91,1264.92,1728.3945
1670257200,1264.92,1265.27,1260,1260.94,2139.835
1670257500,1260.93,1263.73,1255,1261.95,6377.4267
1670257800,1261.95,1263.93,1260.87,1262.91,1482.9324
1670258100,1262.9,1263.58,1261.39,1263.26,1086.9189
1670258400,1263.26,1263.7,1262.47,1263.02,1066.504
1670258700,1263.03,1263.69,1261.41,1261.41,914.0735
1670259000,1261.42,1263,1261.32,1261.86,1039.4213
1670259300,1261.87,1261.87,1258.48,1259.74,3551.688
1670259600,1259.74,1260.36,1257.24,1258.6,1724.6194
1670259900,1258.59,1260.23,1253.12,1259.97,3724.9369
1670260200,1259.97,1260.98,1258.81,1260.92,908.4811
1670260500,1260.92,1262.49,1260.04,1262.01,1329.2999
1670260800,1262.01,1263.79,1261.07,1263.39,1898.4338
1670261100,1263.4,1263.4,1261.9,1263.1,810.1003
1670261400,1263.09,1263.81,1262.34,1262.6,1225.8685
1670261700,1262.59,1265.32,1262.06,1264.96,1991.7856
1670262000,1264.96,1265.42,1264.72,1265.12,844.6995
1670262300,1265.13,1265.88,1263.87,1264.58,1148.6773
1670262600,1264.58,1264.78,1263.02,1264.11,641.3937
1670262900,1264.11,1265,1263.86,1264.73,666.7888
1670263200,1264.74,1264.74,1262.75,1264.41,874.8154
1670263500,1264.41,1265.25,1263.39,1263.99,881.9394
1670263800,1263.99,1265.38,1263.98,1265.37,378.4305
1670264100,1265.38,1270.24,1265.37,1269.4,3326.2106
1670264400,1269.4,1269.41,1267.75,1268.95,534.0824
1670264700,1268.95,1269.27,1267.18,1267.61,2210.1107
1670265000,1267.61,1268.32,1266.01,1266.46,1737.9046
1670265300,1266.47,1267.33,1266.34,1267.03,1049.3614
1670265600,1267.03,1267.45,1266.25,1266.45,464.8162
1670265900,1266.45,1266.53,1265.16,1265.33,698.3585
1670266200,1265.34,1265.53,1263.86,1263.87,741.9635
1670266500,1263.86,1264.14,1261.27,1262.31,1144.5398
1670266800,1262.3,1263.68,1262.2,1262.77,796.5383
1670267100,1262.77,1262.88,1259.36,1259.76,1644.8833
1670267400,1259.75,1260.68,1259.05,1259.11,1225.203
1670267700,1259.11,1259.11,1251.64,1253.01,4436.4986
1670268000,1253.01,1254.96,1250.8,1251.39,2440.6935
1670268300,1251.39,1253.93,1248.86,1253.6,4896.1331
1670268600,1253.59,1253.6,1246.61,1250.25,5166.2386
1670268900,1250.26,1253.66,1250.1,1252.8,1922.7068
1670269200,1252.79,1253.49,1252.05,1253.36,1048.9794
1670269500,1253.36,1253.36,1251.6,1252.38,912.909
1670269800,1252.37,1254.77,1252.37,1254.56,1906.0683
1670270100,1254.57,1254.75,1253.18,1253.67,718.1453
1670270400,1253.67,1254.39,1251.76,1254.21,1373.9645
1670270700,1254.21,1256.37,1253.9,1255.95,1435.6034
1670271000,1255.96,1257.31,1254.71,1256.81,1322.0197
1670271300,1256.81,1256.95,1254.34,1255.45,706.1702
1670271600,1255.44,1255.86,1254.57,1255.21,613.2064
1670271900,1255.22,1255.48,1254.75,1255.29,432.6693
1670272200,1255.3,1255.99,1254.7,1254.71,1210.8091
1670272500,1254.71,1255.64,1254.59,1255.29,738.4287
1670272800,1255.3,1255.3,1253.67,1254.58,578.8207
1670273100,1254.58,1255.83,1254.04,1255.43,581.8826
1670273400,1255.44,1256.08,1254.97,1255.8,757.6595
1670273700,1255.81,1256.77,1255.8,1256.51,946.9431
1670274000,1256.5,1257.12,1256.25,1256.34,893.8607
1670274300,1256.33,1257.12,1256.23,1256.95,301.3484
1670274600,1256.96,1257.03,1256.46,1257.02,337.3183
1670274900,1257.03,1257.5,1256.71,1256.84,464.9173
1670275200,1256.84,1256.97,1256.34,1256.71,425.3497
1670275500,1256.72,1257.43,1256.56,1257.2,479.1746
1670275800,1257.2,1257.22,1256.33,1256.33,463.7791
1670276100,1256.34,1257.1,1255.95,1257.06,280.007
1670276400,1257.06,1257.87,1257.06,1257.77,690.3029
1670276700,1257.77,1259.1,1257.76,1259,679.503
1670277000,1259.01,1259.06,1258.44,1258.83,1051.4786
1670277300,1258.84,1260.01,1258.3,1259.65,1073.4288
1670277600,1259.64,1259.65,1258.75,1259.12,446.3416
1670277900,1259.13,1259.13,1257.83,1257.83,338.0848
1670278200,1257.83,1258.25,1257.22,1258.1,392.9962
1670278500,1258.09,1258.36,1257.6,1258.24,271.3766
1670278800,1258.24,1258.24,1257.02,1257.04,334.3628
1670279100,1257.03,1257.49,1256.75,1257.49,268.8169
1670279400,1257.48,1259.08,1257.48,1259.08,511.7487
1670279700,1259.07,1260.43,1259.07,1260.07,632.8127
1670280000,1260.07,1260.64,1259.4,1259.4,1023.5966
1670280300,1259.4,1259.41,1257.91,1258.87,374.0237
1670280600,1258.88,1258.88,1257.97,1258.73,247.6301
1670280900,1258.73,1259.39,1258.47,1259.1,423.7329
1670281200,1259.1,1259.82,1258.09,1259.82,918.1399
1670281500,1259.82,1259.89,1258.57,1258.91,937.6522
1670281800,1258.92,1258.98,1257.5,1257.75,847.3802
1670282100,1257.76,1258.48,1257.14,1257.15,483.654
1670282400,1257.14,1257.54,1255,1256.49,1164.3227
1670282700,1256.48,1257.28,1255.36,1257.1,775.9839
1670283000,1257.1,1258.7,1256.85,1258.7,614.8257
1670283300,1258.7,1260.47,1258.69,1260.47,472.6808
1670283600,1260.46,1260.55,1259.09,1259.77,843.5297
1670283900,1259.78,1259.78,1258.52,1259.14,997.7658
1670284200,1259.14,1259.25,1258.3,1258.6,557.3536
1670284500,1258.59,1259.82,1258.4,1259.41,688.618
1670284800,1259.41,1259.96,1259.38,1259.96,798.225
1670285100,1259.96,1263.72,1259.94,1263.37,1814.8999
1670285400,1263.36,1263.82,1261.82,1262.91,1377.4031
1670285700,1262.9,1262.97,1260.5,1260.79,1122.4425
1670286000,1260.79,1264.27,1260.61,1263.72,1004.5328
1670286300,1263.73,1263.73,1261.61,1262.81,836.4428
1670286600,1262.82,1264.34,1262.69,1264.2,1193.7043
1670286900,1264.21,1265.06,1263.6,1264.79,1687.1462
1670287200,1264.8,1264.8,1263,1263.31,1980.7376
1670287500,1263.31,1263.45,1262.64,1263.43,897.1639
1670287800,1263.44,1264.66,1263.04,1264.66,467.5358
1670288100,1264.66,1267.15,1264.65,1266.6,1358.1472
1670288400,1266.6,1268.16,1266.59,1267.16,1059.1312
1670288700,1267.17,1269.01,1267.16,1268.2,1353.7265
1670289000,1268.2,1270.08,1267.97,1269.76,880.7381
1670289300,1269.76,1270,1266.87,1266.97,868.4597
1670289600,1266.98,1268.73,1266.27,1266.29,1827.8088
1670289900,1266.28,1266.67,1264.93,1265.49,1092.1451
1670290200,1265.48,1266.45,1264.87,1264.88,849.5969
1670290500,1264.87,1265.88,1264.68,1265.17,1028.3879
1670290800,1265.17,1265.49,1263.74,1263.87,592.5715
1670291100,1263.88,1264.98,1263.87,1264.58,538.1058
1670291400,1264.57,1264.87,1264.19,1264.26,538.2886
1670291700,1264.26,1264.26,1263.38,1263.56,837.028
1670292000,1263.55,1265.19,1263.55,1265,416.8935
1670292300,1265,1265.25,1264.76,1264.85,405.384
1670292600,1264.84,1266.91,1264.6,1266.71,490.1602
1670292900,1266.72,1266.95,1263.46,1264.49,1095.3084
1670293200,1264.5,1266.2,1264.49,1264.7,1004.6671
1670293500,1264.69,1266.99,1264.66,1266.55,625.6279
1670293800,1266.55,1267.24,1265.47,1265.47,326.8559
1670294100,1265.48,1266.54,1265.34,1266,499.6016
1670294400,1266,1266.11,1264.88,1264.89,996.4635
1670294700,1264.88,1266.01,1264.78,1265.61,852.8933
1670295000,1265.62,1265.77,1264.89,1265.43,717.9402
1670295300,1265.44,1265.81,1265.22,1265.51,563.8464
1670295600,1265.5,1266.55,1265.5,1266.39,427.1733
1670295900,1266.39,1266.97,1265.65,1265.8,545.1565
1670296200,1265.81,1266.65,1265.6,1266.22,358.993
1670296500,1266.21,1267.42,1266.21,1267.17,366.8909
1670296800,1267.17,1268.39,1266.88,1268.2,375.2346
1670297100,1268.21,1268.61,1267.67,1267.68,307.5494
1670297400,1267.68,1268.17,1265.91,1265.92,774.7857
1670297700,1265.91,1266.28,1265.65,1265.7,797.8624
1670298000,1265.69,1265.7,1263.84,1263.89,994.3918
1670298300,1263.9,1264.51,1263.18,1264.37,744.7447
1670298600,1264.37,1264.37,1262.47,1262.51,1550.8793
1670298900,1262.5,1262.85,1260.92,1261.82,2045.9312
1670299200,1261.81,1262.79,1261.81,1262.32,593.5117
1670299500,1262.33,1262.58,1262.05,1262.09,230.1044
1670299800,1262.09,1262.27,1260.35,1261,762.1245
1670300100,1261,1261.23,1257.4,1260.01,1593.3656
1670300400,1260,1261.67,1259.95,1261.63,624.4943
1670300700,1261.64,1261.77,1259.69,1260.22,306.9313
1670301000,1260.23,1260.34,1257.69,1258.74,519.9391
1670301300,1258.75,1259.7,1258.74,1259.69,331.623
1670301600,1259.7,1260.41,1259.69,1260.28,233.0322
1670301900,1260.29,1261.81,1260.28,1261.67,469.4335
1670302200,1261.66,1262.11,1261.42,1261.93,754.9872
1670302500,1261.93,1262.07,1260.85,1261.33,464.7264
1670302800,1261.32,1261.34,1260.66,1261.13,291.8914
1670303100,1261.12,1261.24,1260.66,1260.67,370.0556
1670303400,1260.66,1260.67,1259.46,1259.46,270.7828
1670303700,1259.47,1260.48,1258.5,1260.47,555.5513
1670304000,1260.47,1260.77,1260.24,1260.33,416.8035
1670304300,1260.33,1260.5,1260.08,1260.08,242.4734
1670304600,1260.08,1260.34,1256.64,1257.35,819.4167
1670304900,1257.35,1258.72,1256,1256.94,871.218
1670305200,1256.94,1258,1256.01,1258,748.5601
1670305500,1258,1258.54,1256.68,1256.8,647.6506
1670305800,1256.8,1257.79,1256.38,1257.48,819.5549
1670306100,1257.49,1257.71,1256.75,1256.76,316.7231
1670306400,1256.75,1258.43,1254.4,1258.06,1371.2657
1670306700,1258.06,1259.2,1257.74,1259.19,445.5475
1670307000,1259.19,1259.55,1258.97,1259.52,402.1034
1670307300,1259.53,1260.39,1259,1260.02,464.8067
1670307600,1260.01,1260.02,1258.26,1258.45,1556.7139
1670307900,1258.46,1259.45,1257.92,1259.26,579.0449
1670308200,1259.26,1262.07,1259.25,1262.01,1081.9554
1670308500,1262.01,1262.11,1261.03,1262.07,573.1782
1670308800,1262.08,1262.09,1261.6,1261.63,358.3955
1670309100,1261.63,1262.03,1261.55,1261.95,356.7852
1670309400,1261.94,1262.31,1261.41,1261.42,370.1476
1670309700,1261.42,1261.42,1260.02,1260.68,660.8976
1670310000,1260.67,1260.97,1260.03,1260.33,493.9567
1670310300,1260.33,1260.64,1260.01,1260.03,254.4958
1670310600,1260.03,1262.36,1260.03,1262.35,905.5596
1670310900,1262.36,1263.1,1262.07,1262.79,1916.5091
1670311200,1262.8,1263.03,1262,1262.41,305.4206
1670311500,1262.41,1262.47,1261.44,1261.45,188.9896
1670311800,1261.44,1261.84,1260.31,1260.58,286.757
1670312100,1260.57,1261.5,1259.78,1261.49,380.3577
1670312400,1261.5,1261.54,1260.39,1260.59,295.7276
1670312700,1260.58,1260.59,1258.18,1258.86,668.7975
1670313000,1258.85,1259.9,1258.85,1259.89,328.4315
1670313300,1259.9,1260.86,1259.89,1260.39,406.6734
1670313600,1260.39,1263.22,1259.9,1263.22,797.0824
1670313900,1263.21,1264.97,1262.38,1264.48,2042.9948
1670314200,1264.47,1264.74,1262.63,1262.82,611.5907
1670314500,1262.83,1263.08,1262.77,1262.85,299.6082
1670314800,1262.85,1262.95,1261.83,1261.84,612.1428
1670315100,1261.83,1262.22,1259.77,1259.77,950.5707
1670315400,1259.78,1260.11,1255.77,1256.65,1616.1859
1670315700,1256.65,1258.54,1256.64,1258.43,888.514
1670316000,1258.44,1261.33,1258.43,1261.33,913.1573
1670316300,1261.32,1263.5,1261,1261.01,1676.9926
1670316600,1261,1262.34,1260.84,1262.12,490.1336
1670316900,1262.12,1263.31,1262.12,1262.71,687.8592
1670317200,1262.7,1263.08,1261.77,1262.03,692.1622
1670317500,1262.04,1262.53,1261.42,1262.14,550.231
1670317800,1262.14,1262.68,1261,1261,888.1717
1670318100,1261.01,1261.1,1258.28,1258.64,790.2198
1670318400,1258.64,1259.81,1258.21,1258.59,494.862
1670318700,1258.59,1259.08,1257.52,1258.22,553.4134
1670319000,1258.22,1258.22,1256.32,1258.18,1138.0709
1670319300,1258.17,1259.31,1258.17,1258.98,1205.7152
1670319600,1258.98,1259.16,1257.28,1257.84,1033.7914
1670319900,1257.84,1258.19,1256.4,1257.34,1057.0818
1670320200,1257.33,1257.61,1255.12,1257.35,1093.346
1670320500,1257.35,1257.42,1255.69,1255.77,608.5902
1670320800,1255.77,1256.12,1252,1253.83,3692.0992
1670321100,1253.83,1255.84,1253.61,1255.83,1757.2388
1670321400,1255.84,1257.48,1255.6,1257.28,1900.8536
1670321700,1257.27,1258.09,1255.4,1255.65,741.9404
1670322000,1255.66,1255.83,1254.06,1254.62,888.9366
1670322300,1254.62,1255.1,1252.74,1252.74,828.8244
1670322600,1252.75,1254.17,1249,1251.39,3994.5771
1670322900,1251.38,1252.23,1249.97,1250.94,1386.9828
1670323200,1250.94,1252.29,1250.69,1251.2,695.3297
1670323500,1251.19,1252.45,1248.37,1252.24,1469.0048
1670323800,1252.25,1254.08,1252.24,1253.47,1240.5006
1670324100,1253.46,1253.66,1252.18,1252.36,551.461
1670324400,1252.37,1252.76,1252,1252.06,539.4191
1670324700,1252.06,1253.5,1252.05,1252.39,536.5897
1670325000,1252.39,1252.4,1250.52,1250.69,756.4898
1670325300,1250.69,1252.2,1250.2,1250.2,725.9918
1670325600,1250.2,1254.22,1242,1254.19,11125.041
1670325900,1254.19,1255.52,1253.1,1254.78,2290.2274
1670326200,1254.78,1256.82,1254.13,1256.54,1468.5917
1670326500,1256.54,1256.55,1254.34,1255.42,714.3055
1670326800,1255.41,1255.58,1254.41,1255.39,590.39
1670327100,1255.39,1256.06,1254.09,1255.3,900.0598
1670327400,1255.29,1256.38,1254.56,1256.07,441.5839
1670327700,1256.08,1257.12,1255.89,1256.08,527.366
1670328000,1256.09,1257.59,1255.84,1256.63,605.0313
1670328300,1256.64,1256.9,1255.15,1255.7,719.1742
1670328600,1255.71,1256.35,1254.84,1256.14,976.6379
1670328900,1256.14,1257.5,1256.14,1256.39,942.3605
1670329200,1256.39,1256.55,1255.38,1255.95,657.2106
1670329500,1255.95,1258,1255.84,1257.22,609.8768
1670329800,1257.23,1259.39,1257.09,1258.41,1038.4925
1670330100,1258.4,1260,1258.2,1259.22,589.6863
1670330400,1259.22,1259.22,1258,1258.76,883.9515
1670330700,1258.76,1259.44,1258.04,1258.25,1052.997
1670331000,1258.25,1258.76,1257.46,1258.74,1435.2865
1670331300,1258.74,1258.99,1257.45,1257.79,1110.5759
1670331600,1257.78,1258.25,1257.53,1258.25,608.4977
1670331900,1258.25,1258.25,1256.64,1257.14,371.9876
1670332200,1257.14,1259.67,1256.75,1259.66,1677.2276
1670332500,1259.67,1261,1258.44,1259.48,1326.6135
1670332800,1259.49,1262.16,1259.48,1260.8,2098.2691
1670333100,1260.8,1260.81,1258,1258.26,851.1054
1670333400,1258.26,1259.04,1257.67,1257.98,671.7185
1670333700,1257.98,1259.26,1257.42,1257.45,1518.6492
1670334000,1257.45,1257.82,1256.71,1256.71,1000.5745
1670334300,1256.72,1257.81,1254.76,1254.76,1290.4956
1670334600,1254.76,1255.7,1253.42,1253.7,1341.2064
1670334900,1253.71,1254.7,1253.36,1253.96,643.5784
1670335200,1253.95,1254.59,1252.7,1254.37,863.5068
1670335500,1254.37,1256.74,1254.37,1256.06,1056.0551
1670335800,1256.07,1256.86,1255.38,1256.63,573.3852
1670336100,1256.63,1259.15,1256.59,1257.23,1384.8079
1670336400,1257.22,1257.73,1256.03,1256.48,814.5242
1670336700,1256.47,1256.98,1254.55,1254.56,1718.4879
1670337000,1254.55,1257.74,1253.03,1253.33,1587.8001
1670337300,1253.34,1256.13,1252.09,1255,1176.9308
1670337600,1255.01,1255.89,1251.36,1251.77,1419.1735
1670337900,1251.77,1254.5,1249.34,1254.22,3196.7463
1670338200,1254.23,1256,1253.53,1253.53,1642.4729
1670338500,1253.53,1254.11,1251.27,1251.27,1302.9306
1670338800,1251.28,1252.9,1248.34,1248.99,2865.2862
1670339100,1248.98,1250.49,1245.66,1247.7,4457.9244
1670339400,1247.71,1249.11,1244.92,1249.1,5044.4879
1670339700,1249.1,1253.34,1247.84,1253.14,2006.3231
1670340000,1253.15,1256.15,1253.14,1255.57,1519.3703
1670340300,1255.57,1256.11,1251.82,1252.05,1102.8611
1670340600,1252.06,1253.37,1251.09,1251.27,1024.955
1670340900,1251.27,1254.05,1251.01,1252.99,784.0047
1670341200,1252.98,1255.45,1252.16,1255.45,1110.2743
1670341500,1255.44,1256.2,1254.71,1255.41,1268.6031
1670341800,1255.42,1256.99,1255.26,1255.44,1328.5221
1670342100,1255.45,1256.36,1254,1254.4,641.0173
1670342400,1254.39,1256.17,1254.21,1254.8,973.9097
1670342700,1254.79,1257.32,1254.53,1255.49,990.1931
1670343000,1255.49,1256.94,1255.13,1255.14,443.1876
1670343300,1255.13,1255.14,1253.4,1254.62,622.456
1670343600,1254.61,1257.73,1254.61,1257.31,1064.4547
1670343900,1257.32,1258.4,1257.05,1258.39,785.9695
1670344200,1258.4,1259.24,1257.87,1258.2,1263.1223
1670344500,1258.2,1258.43,1256.2,1256.43,876.631
1670344800,1256.44,1256.62,1255.57,1256.43,650.8094
1670345100,1256.43,1256.94,1254.78,1255.48,585.4777
1670345400,1255.48,1256.13,1255.21,1255.24,473.4573
1670345700,1255.23,1255.66,1254.67,1255.02,799.9326
1670346000,1255.03,1256.37,1255.02,1256.25,796.6982
1670346300,1256.26,1256.69,1254.13,1254.13,515.8176
1670346600,1254.14,1254.29,1252.04,1252.49,1159.9945
1670346900,1252.48,1252.49,1249.24,1249.88,1960.2282
1670347200,1249.88,1252.82,1249.88,1252.64,1066.3088
1670347500,1252.65,1253.08,1252.18,1252.48,373.5426
1670347800,1252.48,1253.93,1250.26,1253.61,880.7908
1670348100,1253.61,1254.13,1250.01,1252,1209.5495
1670348400,1252.01,1252.31,1250.25,1251.4,646.9905
1670348700,1251.39,1251.59,1250.02,1251.11,663.9234
1670349000,1251.1,1252.68,1251.1,1252.14,637.0089
1670349300,1252.13,1252.71,1251.34,1251.7,831.3478
1670349600,1251.7,1252.99,1251,1252.14,1101.5092
1670349900,1252.14,1252.15,1248.99,1248.99,810.1562
1670350200,1249,1250.25,1247.85,1249.56,1991.4612
1670350500,1249.55,1250.92,1249.41,1250.17,1056.3281
1670350800,1250.17,1251.51,1249.72,1250.71,926.2916
1670351100,1250.71,1250.72,1248.65,1248.65,944.3821
1670351400,1248.66,1248.66,1244.86,1247.16,3398.8466
1670351700,1247.16,1249.89,1246.22,1249.32,2077.7202
1670352000,1249.32,1249.88,1249,1249.3,794.2709
1670352300,1249.29,1253.29,1249.21,1252.6,2390.1726
1670352600,1252.6,1252.6,1250.39,1250.4,435.8944
1670352900,1250.39,1251.43,1249.22,1249.23,1199.1505
1670353200,1249.23,1249.89,1248.59,1249.63,988.6955
1670353500,1249.64,1250.5,1245,1247.76,3128.6882
1670353800,1247.77,1247.77,1241.56,1245.38,3792.7513
1670354100,1245.39,1248,1243.16,1246.57,2221.1689
1670354400,1246.58,1247.94,1246.26,1247.14,1088.5524
1670354700,1247.13,1247.53,1245.24,1245.41,677.3317
1670355000,1245.42,1248.22,1245.27,1248.21,1095.6761
1670355300,1248.21,1248.91,1247.76,1248.19,661.5567
1670355600,1248.19,1249.52,1248.19,1249.45,931.7204
1670355900,1249.45,1250.69,1248.84,1249.32,863.5721
1670356200,1249.32,1249.74,1248.41,1249.73,1180.6315
1670356500,1249.73,1250.58,1249.22,1250.13,887.7964
1670356800,1250.12,1251.37,1249.74,1250.99,972.5331
1670357100,1251,1251,1249.46,1250.05,401.7126
1670357400,1250.05,1250.06,1249.02,1249.35,421.8308
1670357700,1249.35,1250.23,1249.35,1249.63,398.8817
1670358000,1249.64,1249.89,1248.13,1249.28,671.8928
1670358300,1249.27,1249.28,1247.71,1249.15,569.3011
1670358600,1249.14,1249.64,1248.63,1248.64,481.5041
1670358900,1248.64,1249.38,1248.02,1249.37,517.5857
1670359200,1249.38,1254.07,1249.37,1252.83,2367.043
1670359500,1252.84,1255,1252.14,1254.62,1539.4429
1670359800,1254.63,1254.84,1252.79,1253.09,661.837
1670360100,1253.08,1253.43,1252.67,1253.02,365.1925
1670360400,1253.03,1253.79,1252.64,1253.15,498.3865
1670360700,1253.14,1254.17,1252.81,1253.65,549.7906
1670361000,1253.65,1254.49,1253.38,1254.05,581.6469
1670361300,1254.04,1254.45,1252.8,1252.97,470.1589
1670361600,1252.98,1252.98,1251.81,1252.85,441.2903
1670361900,1252.85,1253.77,1252.51,1253.51,498.9802
1670362200,1253.5,1254.46,1252.86,1254.43,573.262
1670362500,1254.43,1254.47,1252.98,1253.81,368.9462
1670362800,1253.81,1256.04,1253.8,1255.4,958.2407
1670363100,1255.39,1255.65,1254.78,1254.99,393.0902
1670363400,1255,1255.66,1254.78,1255.65,171.6035
1670363700,1255.66,1256.66,1255.65,1255.81,920.3319
1670364000,1255.81,1256.5,1254.54,1254.55,638.9404
1670364300,1254.54,1255.56,1254.54,1254.93,263.1791
1670364600,1254.93,1255.1,1254.75,1254.97,311.6682
1670364900,1254.97,1255.03,1254.44,1254.45,119.3683
1670365200,1254.45,1254.8,1254.05,1254.49,478.8884
1670365500,1254.5,1255.36,1254.49,1255.31,445.5562
1670365800,1255.31,1255.42,1254.83,1255.23,360.8685
1670366100,1255.23,1255.27,1254.01,1254.09,285.0447
1670366400,1254.08,1254.81,1253.75,1254.42,721.9229
1670366700,1254.41,1254.68,1252.47,1252.97,320.3384
1670367000,1252.98,1253.73,1252.21,1252.85,406.1697
1670367300,1252.84,1253.38,1252.84,1252.88,220.9479
1670367600,1252.88,1257.27,1252.87,1256.64,894.493
1670367900,1256.64,1257.95,1256.14,1257.55,865.461
1670368200,1257.55,1265.71,1257.36,1264.22,8691.7621
1670368500,1264.23,1266.98,1261.88,1265.23,3099.3345
1670368800,1265.23,1269.3,1264.54,1268.08,2678.0629
1670369100,1268.07,1273.84,1267.24,1269.58,4601.7853
1670369400,1269.58,1272.75,1268.34,1271.41,2164.1691
1670369700,1271.41,1273.61,1271.08,1272.24,1911.4907
1670370000,1272.25,1274.76,1270.22,1271.11,1899.1205
1670370300,1271.12,1272.01,1269.66,1270.5,1291.9932
1670370600,1270.5,1273.99,1270.49,1271.98,1015.8302
1670370900,1271.98,1273.79,1270.85,1271.32,671.6675
1670371200,1271.31,1272.21,1269.85,1270.1,1247.0234
1670371500,1270.1,1270.58,1268.59,1269.84,984.8289
1670371800,1269.84,1271.05,1268.87,1268.92,850.938
1670372100,1268.93,1269.36,1266.84,1266.87,807.4803
1670372400,1266.87,1270.52,1266.87,1270.1,808.2522
1670372700,1270.09,1271.29,1268.53,1268.56,822.6509
1670373000,1268.56,1269.15,1267.54,1267.76,681.5149
1670373300,1267.77,1272.17,1267.77,1271.49,2331.6268
1670373600,1271.5,1278.69,1271.49,1273.07,5921.6117
1670373900,1273.06,1274.14,1269.28,1269.29,1014.5585
1670374200,1269.28,1270.05,1267.81,1269.11,855.3412
1670374500,1269.12,1269.35,1267.06,1268.8,1151.4107
1670374800,1268.81,1270.1,1266.92,1266.93,887.3114
1670375100,1266.93,1268.84,1265.81,1266.18,933.3599
1670375400,1266.19,1267.09,1264.87,1265.59,975.423
1670375700,1265.59,1266.98,1264.51,1266.12,963.7621
1670376000,1266.12,1266.5,1264.32,1265.65,1418.0055
1670376300,1265.64,1265.65,1264.37,1264.37,627.0077
1670376600,1264.38,1265.57,1262.82,1264.14,1146.3018
1670376900,1264.14,1265.39,1263.04,1265.05,576.3502
1670377200,1265.05,1266.4,1265.05,1266.39,560.0665
1670377500,1266.4,1267.59,1265.19,1267.32,784.1568
1670377800,1267.31,1267.59,1265.01,1265.02,511.4154
1670378100,1265.02,1265.49,1264.37,1265.13,558.3722
1670378400,1265.14,1266.49,1264.57,1266.19,610.2576
1670378700,1266.18,1268.1,1265.8,1267.71,888.9464
1670379000,1267.7,1268.1,1266.77,1267.5,748.848
1670379300,1267.51,1267.71,1266.17,1266.77,352.5289
1670379600,1266.77,1267.03,1266.55,1266.99,336.5539
1670379900,1266.98,1266.99,1264.69,1265.05,445.1903
1670380200,1265.06,1265.47,1263.94,1264.77,576.3227
1670380500,1264.78,1265.93,1264.77,1265.87,385.2136
1670380800,1265.86,1266.78,1265.86,1266.1,293.5901
1670381100,1266.11,1266.61,1265.38,1266.11,227.808
1670381400,1266.11,1266.45,1265.37,1265.37,141.5272
1670381700,1265.38,1266.66,1264.36,1265.58,1366.9872
1670382000,1265.57,1265.58,1264.12,1264.13,271.3525
1670382300,1264.13,1264.54,1264.01,1264.12,257.779
1670382600,1264.13,1264.38,1263.74,1263.93,455.3128
1670382900,1263.92,1264.47,1262.82,1262.92,390.5973
1670383200,1262.92,1263,1260.88,1261.75,1176.5755
1670383500,1261.76,1262.19,1259.24,1260.2,1108.318
1670383800,1260.2,1261.99,1259.08,1261.49,797.837
1670384100,1261.49,1263.05,1261.48,1262.4,1127.3203
1670384400,1262.41,1262.43,1261.65,1262.01,426.1687
1670384700,1262.02,1262.8,1261.73,1262.66,574.941
1670385000,1262.65,1262.9,1262.29,1262.9,363.4703
1670385300,1262.89,1262.94,1262.27,1262.27,326.6187
1670385600,1262.28,1262.28,1261.78,1261.78,354.4789
1670385900,1261.79,1261.79,1261.09,1261.1,512.4222
1670386200,1261.11,1261.86,1261.1,1261.5,242.8568
1670386500,1261.49,1261.85,1261.49,1261.85,48.6135
