time,open,high,low,close,volume
2019-11-27 08:00:00,146.0,155.66,125.03,152.52,115911.84
2019-11-28 08:00:00,154.29,156.52,146.41,150.48,116824.07
2019-11-29 08:00:00,150.56,157.4,150.55,154.41,167906.104
2019-11-30 08:00:00,154.4,155.15,149.66,151.38,370491.615
2019-12-01 08:00:00,151.38,152.5,145.5,150.65,394494.119
2019-12-02 08:00:00,150.72,151.3,146.67,148.59,395630.91
2019-12-03 08:00:00,148.59,149.8,145.62,147.1,495996.573
2019-12-04 08:00:00,147.12,152.22,142.96,145.35,684404.817
2019-12-05 08:00:00,145.36,148.88,143.77,148.04,441113.912
2019-12-06 08:00:00,148.08,149.5,145.66,148.41,334645.217
2019-12-07 08:00:00,148.41,149.42,146.77,147.1,239185.31
2019-12-08 08:00:00,147.08,156.25,146.01,150.41,260610.87
2019-12-09 08:00:00,150.41,151.15,146.55,147.37,296475.449
2019-12-10 08:00:00,147.36,148.39,143.78,145.55,253852.598
2019-12-11 08:00:00,145.52,146.27,142.02,143.35,207434.765
2019-12-12 08:00:00,143.36,145.8,139.05,144.8,372077.814
2019-12-13 08:00:00,144.8,145.2,143.0,144.7,183068.201
2019-12-14 08:00:00,144.71,144.97,141.05,141.77,187036.667
2019-12-15 08:00:00,141.77,144.0,139.89,142.39,230729.834
2019-12-16 08:00:00,142.46,142.63,128.59,132.59,553596.159
2019-12-17 08:00:00,132.6,132.84,119.1,121.87,613475.54
2019-12-18 08:00:00,121.9,134.75,115.95,132.74,1013697.094
2019-12-19 08:00:00,132.78,133.79,125.66,128.03,637508.534
2019-12-20 08:00:00,128.03,129.33,125.73,128.13,346553.796
2019-12-21 08:00:00,128.13,128.52,126.5,126.99,208331.595
2019-12-22 08:00:00,126.99,133.33,126.78,132.14,443907.086
2019-12-23 08:00:00,132.18,135.09,126.01,127.73,698722.014
2019-12-24 08:00:00,127.75,129.67,126.45,127.76,497534.945
2019-12-25 08:00:00,127.72,127.83,123.0,125.06,455279.225
2019-12-26 08:00:00,125.06,132.44,124.33,125.53,583380.778
2019-12-27 08:00:00,125.53,127.06,122.0,126.21,567887.536
2019-12-28 08:00:00,126.24,129.62,125.77,128.04,468730.855
2019-12-29 08:00:00,128.02,138.25,127.5,134.28,771614.663
2019-12-30 08:00:00,134.22,136.21,130.19,131.52,692165.824
2019-12-31 08:00:00,131.53,133.64,128.15,129.12,647743.359
2020-01-01 08:00:00,129.12,132.96,128.62,130.62,466063.929
2020-01-02 08:00:00,130.63,130.75,126.25,127.11,523582.924
2020-01-03 08:00:00,127.11,135.07,125.78,134.29,951123.597
2020-01-04 08:00:00,134.31,135.8,132.41,134.14,509778.108
2020-01-05 08:00:00,134.14,138.17,134.12,135.33,669677.687
2020-01-06 08:00:00,135.32,144.38,134.82,144.04,1095147.166
2020-01-07 08:00:00,144.11,145.25,138.7,142.86,963331.505
2020-01-08 08:00:00,142.86,147.94,137.15,140.75,1208133.766
2020-01-09 08:00:00,140.76,141.52,135.33,137.73,956864.213
2020-01-10 08:00:00,137.73,145.15,135.22,144.8,908378.249
2020-01-11 08:00:00,144.8,148.03,142.0,142.4,832163.204
2020-01-12 08:00:00,142.4,146.6,141.71,146.57,630256.911
2020-01-13 08:00:00,146.57,147.0,142.32,143.58,558655.672
2020-01-14 08:00:00,143.57,171.0,143.49,165.77,2169559.414
2020-01-15 08:00:00,165.75,172.18,159.35,166.6,1391999.279
2020-01-16 08:00:00,166.61,167.63,158.43,164.37,784199.474
2020-01-17 08:00:00,164.39,174.79,162.27,170.06,946707.348
2020-01-18 08:00:00,170.06,179.57,165.08,174.43,819444.357
2020-01-19 08:00:00,174.37,178.42,161.81,167.04,742371.819
2020-01-20 08:00:00,167.04,169.48,161.5,167.03,390055.869
2020-01-21 08:00:00,167.01,170.34,165.02,169.52,351565.999
2020-01-22 08:00:00,169.62,171.61,166.12,168.19,334378.174
2020-01-23 08:00:00,168.24,168.38,159.41,162.97,481102.22
2020-01-24 08:00:00,162.97,164.65,155.72,162.63,472568.424
2020-01-25 08:00:00,162.66,163.0,157.8,160.52,282785.555
2020-01-26 08:00:00,160.5,168.16,159.5,167.9,326188.863
2020-01-27 08:00:00,167.98,172.26,165.28,170.21,418039.792
2020-01-28 08:00:00,170.25,176.7,170.22,175.88,525282.459
2020-01-29 08:00:00,175.89,178.85,173.3,173.8,401619.605
2020-01-30 08:00:00,173.86,187.4,171.07,185.14,653770.608
2020-01-31 08:00:00,185.16,186.34,175.5,180.14,672522.049
2020-02-01 08:00:00,180.14,184.58,179.41,183.82,526688.019
2020-02-02 08:00:00,183.8,193.7,179.0,188.59,907342.798
2020-02-03 08:00:00,188.64,195.45,186.65,189.92,652054.538
2020-02-04 08:00:00,189.89,191.76,184.71,189.01,614290.379
2020-02-05 08:00:00,189.0,208.18,188.26,204.1,902811.615
2020-02-06 08:00:00,204.1,216.7,201.28,213.27,1254989.317
2020-02-07 08:00:00,213.3,225.36,213.3,223.57,1054174.736
2020-02-08 08:00:00,223.57,228.02,213.35,223.57,1090545.108
2020-02-09 08:00:00,223.57,230.9,223.5,228.64,969021.787
2020-02-10 08:00:00,228.71,229.96,217.32,223.03,1175671.024
2020-02-11 08:00:00,223.04,239.98,218.64,237.16,1194286.448
2020-02-12 08:00:00,237.17,277.97,237.17,266.24,2223807.477
2020-02-13 08:00:00,266.26,278.8,256.2,268.48,2386998.02
2020-02-14 08:00:00,268.48,287.58,260.53,285.4,1447161.175
2020-02-15 08:00:00,285.4,289.0,262.41,265.08,1925220.413
2020-02-16 08:00:00,265.16,274.3,237.86,258.87,2297491.401
2020-02-17 08:00:00,258.87,268.81,242.32,268.0,2129022.857
2020-02-18 08:00:00,267.99,286.48,258.78,282.96,1885124.383
2020-02-19 08:00:00,282.96,286.7,250.0,258.43,1677778.697
2020-02-20 08:00:00,258.39,264.32,245.91,257.11,1618473.989
2020-02-21 08:00:00,257.18,268.5,253.89,265.44,985301.295
2020-02-22 08:00:00,265.45,267.16,256.23,261.83,752957.418
2020-02-23 08:00:00,261.82,275.84,261.5,274.67,940831.98
2020-02-24 08:00:00,274.66,277.26,257.5,265.7,1483265.023
2020-02-25 08:00:00,265.69,266.4,244.57,247.03,1563901.657
2020-02-26 08:00:00,247.03,250.54,215.75,224.1,2729291.802
2020-02-27 08:00:00,224.13,238.58,210.01,227.92,2374539.334
2020-02-28 08:00:00,227.93,234.93,214.25,227.09,2026863.186
2020-02-29 08:00:00,227.04,233.33,217.14,217.31,1309444.25
2020-03-01 08:00:00,217.37,228.0,212.33,218.01,1775078.523
2020-03-02 08:00:00,218.01,234.5,216.24,232.22,1604040.396
2020-03-03 08:00:00,232.24,232.67,220.21,224.1,1544830.651
2020-03-04 08:00:00,224.1,229.0,220.45,224.47,1027175.512
2020-03-05 08:00:00,224.43,234.26,224.43,228.64,1142530.928
2020-03-06 08:00:00,228.63,245.38,227.6,244.94,1307956.34
2020-03-07 08:00:00,244.97,251.8,236.3,237.34,1637057.953
2020-03-08 08:00:00,237.36,237.38,195.35,199.54,3150036.792
2020-03-09 08:00:00,199.54,208.65,190.02,203.02,3885205.704
2020-03-10 08:00:00,202.95,206.32,195.66,200.95,2008333.356
2020-03-11 08:00:00,200.9,203.26,181.88,194.81,2125322.09
2020-03-12 08:00:00,194.77,195.81,95.0,106.71,7116256.717
2020-03-13 08:00:00,106.97,323.0,84.23,134.13,6584772.112
2020-03-14 08:00:00,134.1,134.67,121.16,122.55,1845475.252
2020-03-15 08:00:00,122.56,133.85,120.4,123.89,1802030.406
2020-03-16 08:00:00,123.87,124.4,100.11,111.06,3622097.906
2020-03-17 08:00:00,111.04,121.55,109.34,115.68,2053691.349
2020-03-18 08:00:00,115.67,118.59,109.78,118.16,1583517.464
2020-03-19 08:00:00,118.12,143.34,115.5,136.42,2098800.654
2020-03-20 08:00:00,136.42,152.68,116.67,133.52,3128620.956
2020-03-21 08:00:00,133.48,137.58,125.58,132.67,1933564.299
2020-03-22 08:00:00,132.64,137.2,121.0,122.25,1724360.751
2020-03-23 08:00:00,122.27,137.67,119.0,135.96,1950909.243
2020-03-24 08:00:00,135.96,143.44,132.41,138.38,1745190.832
2020-03-25 08:00:00,138.39,142.46,132.36,136.1,1448291.794
2020-03-26 08:00:00,136.11,139.8,133.18,138.41,1069528.365
2020-03-27 08:00:00,138.36,141.44,129.16,131.27,1024307.98
2020-03-28 08:00:00,131.24,132.93,124.52,130.95,1335630.33
2020-03-29 08:00:00,130.97,131.77,123.74,124.4,848667.965
2020-03-30 08:00:00,124.42,135.13,123.93,132.04,1187536.733
2020-03-31 08:00:00,132.07,135.0,130.33,132.61,896493.378
2020-04-01 08:00:00,132.6,137.22,128.27,135.6,1143905.195
2020-04-02 08:00:00,135.6,149.97,135.0,141.3,1694646.358
2020-04-03 08:00:00,141.29,146.78,137.68,141.23,1307374.677
2020-04-04 08:00:00,141.2,146.14,138.79,144.02,977437.997
2020-04-05 08:00:00,143.97,145.52,140.6,142.59,780295.149
2020-04-06 08:00:00,142.59,171.99,142.51,171.15,2847455.204
2020-04-07 08:00:00,171.15,176.16,162.13,164.55,3033756.235
2020-04-08 08:00:00,164.56,174.59,163.55,173.19,1871521.554
2020-04-09 08:00:00,173.18,173.44,164.89,169.46,1307817.881
2020-04-10 08:00:00,169.48,170.1,152.0,157.69,2238955.865
2020-04-11 08:00:00,157.69,161.25,153.78,158.19,1157138.069
2020-04-12 08:00:00,158.21,164.9,154.85,158.72,1402479.422
2020-04-13 08:00:00,158.69,159.08,149.55,156.37,1787879.914
2020-04-14 08:00:00,156.38,161.83,155.07,158.43,1342786.247
2020-04-15 08:00:00,158.42,161.32,151.9,152.64,1352926.571
2020-04-16 08:00:00,152.64,174.92,148.07,172.27,3073088.701
2020-04-17 08:00:00,172.31,174.88,168.21,170.56,1341267.776
2020-04-18 08:00:00,170.56,189.68,170.28,187.48,2159964.294
2020-04-19 08:00:00,187.52,188.3,176.27,179.97,2326412.534
2020-04-20 08:00:00,179.96,186.47,166.6,170.19,3452651.911
2020-04-21 08:00:00,170.19,174.63,167.92,170.66,2195445.346
2020-04-22 08:00:00,170.66,183.98,169.8,182.63,2433000.659
2020-04-23 08:00:00,182.63,194.4,178.0,185.53,3351092.377
2020-04-24 08:00:00,185.54,189.77,184.49,187.65,1865428.754
2020-04-25 08:00:00,187.67,198.53,185.7,194.25,2370712.476
2020-04-26 08:00:00,194.22,199.99,192.27,197.46,2056340.656
2020-04-27 08:00:00,197.46,199.0,189.51,196.37,2321318.544
2020-04-28 08:00:00,196.39,197.72,192.28,196.31,1903267.47
2020-04-29 08:00:00,196.34,219.5,196.31,215.5,3776173.452
2020-04-30 08:00:00,215.5,227.5,201.9,206.22,4371759.191
2020-05-01 08:00:00,206.21,217.49,206.12,212.22,1902796.913
2020-05-02 08:00:00,212.21,215.63,210.55,213.99,1246430.868
2020-05-03 08:00:00,213.99,219.84,205.0,209.95,1688070.223
2020-05-04 08:00:00,209.94,210.83,195.1,206.73,2313604.876
2020-05-05 08:00:00,206.69,212.02,201.14,205.39,1814876.244
2020-05-06 08:00:00,205.36,211.13,198.04,199.06,1868966.306
2020-05-07 08:00:00,199.09,215.63,196.14,212.25,2470908.382
2020-05-08 08:00:00,212.25,216.95,207.01,211.47,1698296.769
2020-05-09 08:00:00,211.47,214.81,208.3,210.31,1444064.449
2020-05-10 08:00:00,210.32,210.36,177.89,187.52,3056317.482
2020-05-11 08:00:00,187.48,193.44,175.5,185.69,2311029.197
2020-05-12 08:00:00,185.68,192.31,185.4,189.64,1261058.639
2020-05-13 08:00:00,189.64,200.95,187.64,199.54,1373737.58
2020-05-14 08:00:00,199.53,205.95,195.56,203.13,1892551.091
2020-05-15 08:00:00,203.1,203.99,191.21,194.71,1377796.956
2020-05-16 08:00:00,194.72,203.46,193.2,200.39,1100996.922
2020-05-17 08:00:00,200.4,210.16,199.5,206.93,1067367.779
2020-05-18 08:00:00,206.9,217.2,206.9,214.83,1527493.953
2020-05-19 08:00:00,214.83,215.99,209.32,214.7,1209630.47
2020-05-20 08:00:00,214.69,215.85,206.02,209.96,1322809.976
2020-05-21 08:00:00,209.99,211.69,191.61,198.68,1812327.033
2020-05-22 08:00:00,198.69,209.22,195.95,207.28,1415586.292
2020-05-23 08:00:00,207.31,211.2,204.47,206.51,1093535.486
2020-05-24 08:00:00,206.46,210.54,199.24,199.7,1534431.164
2020-05-25 08:00:00,199.7,205.66,197.72,204.1,992843.927
2020-05-26 08:00:00,204.1,205.05,196.68,200.91,1053386.195
2020-05-27 08:00:00,200.89,208.48,200.69,208.27,949312.616
2020-05-28 08:00:00,208.27,220.79,204.55,220.32,1302485.446
2020-05-29 08:00:00,220.31,225.0,217.0,220.65,1412528.305
2020-05-30 08:00:00,220.65,247.85,218.77,243.74,2496490.987
2020-05-31 08:00:00,243.73,245.3,229.54,231.55,2064900.485
2020-06-01 08:00:00,231.55,252.8,230.61,248.9,2168854.578
2020-06-02 08:00:00,248.91,254.48,220.0,237.73,1997511.516
2020-06-03 08:00:00,237.74,245.23,233.3,244.52,1177836.333
2020-06-04 08:00:00,244.52,246.7,235.75,243.28,1658566.857
2020-06-05 08:00:00,243.29,248.36,238.68,240.13,1287620.696
2020-06-06 08:00:00,240.12,244.89,237.91,242.05,838620.358
2020-06-07 08:00:00,242.06,245.61,234.64,244.66,1343974.146
2020-06-08 08:00:00,244.67,248.05,241.04,246.65,857037.392
2020-06-09 08:00:00,246.64,250.1,237.3,243.98,1120313.696
2020-06-10 08:00:00,243.98,251.0,241.0,247.95,1101191.092
2020-06-11 08:00:00,247.95,250.34,225.33,230.48,1937518.384
2020-06-12 08:00:00,230.48,239.38,228.3,237.46,958938.087
2020-06-13 08:00:00,237.47,238.88,234.6,238.17,562091.362
2020-06-14 08:00:00,238.14,238.59,229.9,231.92,787142.212
2020-06-15 08:00:00,231.92,233.64,218.02,230.86,1960437.997
2020-06-16 08:00:00,230.85,236.0,228.75,235.22,989098.472
2020-06-17 08:00:00,235.22,237.5,227.47,233.75,1098414.164
2020-06-18 08:00:00,233.73,234.7,227.81,231.26,722224.653
2020-06-19 08:00:00,231.26,232.0,226.02,228.97,875231.698
2020-06-20 08:00:00,228.98,230.8,225.07,228.85,690552.179
2020-06-21 08:00:00,228.84,231.4,227.06,228.08,480312.941
2020-06-22 08:00:00,228.07,247.0,227.5,243.14,1580083.705
2020-06-23 08:00:00,243.13,244.9,240.7,243.12,880274.162
2020-06-24 08:00:00,243.13,249.41,231.0,234.54,1872960.153
2020-06-25 08:00:00,234.54,235.5,227.53,232.5,1051198.67
2020-06-26 08:00:00,232.5,233.65,227.67,229.66,1096114.911
2020-06-27 08:00:00,229.65,231.4,213.59,220.94,1316665.336
2020-06-28 08:00:00,220.95,227.9,217.81,224.96,967586.374
2020-06-29 08:00:00,224.93,230.13,221.11,227.95,1101723.749
2020-06-30 08:00:00,227.95,228.73,223.0,225.56,843327.995
2020-07-01 08:00:00,225.56,232.78,224.01,231.03,980442.364
2020-07-02 08:00:00,231.02,231.99,222.76,226.54,1305858.588
2020-07-03 08:00:00,226.54,228.17,224.11,224.83,579175.291
2020-07-04 08:00:00,224.82,230.77,224.31,229.2,534507.407
2020-07-05 08:00:00,229.21,229.88,223.26,227.61,681239.534
2020-07-06 08:00:00,227.61,242.32,226.89,241.63,1361794.882
2020-07-07 08:00:00,241.66,243.9,234.44,239.45,1024076.026
2020-07-08 08:00:00,239.45,249.0,237.75,247.14,1430997.143
2020-07-09 08:00:00,247.1,247.94,238.04,242.01,1407925.425
2020-07-10 08:00:00,242.0,242.25,235.73,241.37,789372.278
2020-07-11 08:00:00,241.38,241.79,237.61,239.25,478752.331
2020-07-12 08:00:00,239.25,244.35,236.0,242.82,899578.746
2020-07-13 08:00:00,242.82,245.56,237.3,239.6,1099518.478
2020-07-14 08:00:00,239.6,242.24,236.74,240.56,724653.885
2020-07-15 08:00:00,240.57,241.5,236.9,238.59,529634.834
2020-07-16 08:00:00,238.59,239.58,229.84,233.74,1047566.611
2020-07-17 08:00:00,233.75,235.05,231.81,232.72,557216.722
2020-07-18 08:00:00,232.72,236.95,232.35,235.69,466496.509
2020-07-19 08:00:00,235.69,239.93,233.28,239.19,573124.068
2020-07-20 08:00:00,239.18,239.81,234.0,236.03,693643.358
2020-07-21 08:00:00,236.02,246.87,235.52,245.56,1191285.53
2020-07-22 08:00:00,245.56,270.8,241.52,264.27,1647528.096
2020-07-23 08:00:00,264.3,280.48,259.86,275.56,2725687.424
2020-07-24 08:00:00,275.5,287.76,268.32,279.45,2651233.303
2020-07-25 08:00:00,279.45,309.39,279.28,305.64,3122852.128
2020-07-26 08:00:00,305.58,321.99,299.18,311.41,3709687.999
2020-07-27 08:00:00,311.36,335.0,311.0,322.33,5017477.237
2020-07-28 08:00:00,322.3,327.47,306.02,317.21,2856472.08
2020-07-29 08:00:00,317.19,325.99,313.0,318.12,1890408.946
2020-07-30 08:00:00,318.12,343.38,314.06,335.3,2332715.926
2020-07-31 08:00:00,335.31,349.83,329.0,346.42,2671758.151
2020-08-01 08:00:00,346.42,394.8,343.4,387.24,4026011.453
2020-08-02 08:00:00,387.25,418.49,302.0,372.85,6320469.19
2020-08-03 08:00:00,372.86,398.59,366.66,386.2,3020910.903
2020-08-04 08:00:00,386.19,403.88,380.66,390.1,2702153.264
2020-08-05 08:00:00,390.02,407.88,384.31,400.95,2378190.463
2020-08-06 08:00:00,400.94,404.25,390.6,395.09,1643305.55
2020-08-07 08:00:00,395.1,398.86,361.27,379.63,2591811.422
2020-08-08 08:00:00,379.62,397.75,376.11,397.48,1345421.828
2020-08-09 08:00:00,397.56,400.73,383.75,390.54,1457418.137
2020-08-10 08:00:00,390.54,400.7,384.34,395.83,1547750.272
2020-08-11 08:00:00,395.83,398.78,367.0,379.3,2199154.835
2020-08-12 08:00:00,379.34,389.75,366.05,387.46,1576215.436
2020-08-13 08:00:00,387.51,432.25,376.77,425.34,3595989.078
2020-08-14 08:00:00,425.27,445.66,418.0,438.84,2795449.786
2020-08-15 08:00:00,438.71,443.9,426.68,432.75,1729353.597
2020-08-16 08:00:00,432.78,437.71,413.01,434.19,1739365.364
2020-08-17 08:00:00,434.19,449.0,421.01,431.33,2238985.81
2020-08-18 08:00:00,431.31,434.5,414.0,422.36,1639582.806
2020-08-19 08:00:00,422.33,427.1,393.28,407.65,2392945.29
2020-08-20 08:00:00,407.63,419.48,402.41,416.29,1235515.836
2020-08-21 08:00:00,416.3,418.95,385.09,388.25,1870166.525
2020-08-22 08:00:00,388.27,397.34,380.0,395.44,1122107.661
2020-08-23 08:00:00,395.44,397.2,383.69,391.0,892915.856
2020-08-24 08:00:00,391.0,410.7,387.64,407.94,1323796.078
2020-08-25 08:00:00,407.91,409.43,370.14,383.11,2394641.047
2020-08-26 08:00:00,383.07,393.44,377.63,386.02,1390706.382
2020-08-27 08:00:00,386.02,397.38,371.31,383.6,1885062.888
2020-08-28 08:00:00,383.58,398.8,379.94,395.14,1161424.748
2020-08-29 08:00:00,395.16,405.8,391.81,398.66,987943.95
2020-08-30 08:00:00,398.71,430.28,398.37,429.11,1442892.512
2020-08-31 08:00:00,429.12,439.49,418.2,434.03,1643669.582
2020-09-01 08:00:00,434.03,489.32,429.25,475.61,3265577.517
2020-09-02 08:00:00,475.7,482.44,418.3,439.75,4128002.108
2020-09-03 08:00:00,439.74,450.91,371.0,381.62,4981606.249
2020-09-04 08:00:00,381.52,400.63,356.14,385.2,3806408.61
2020-09-05 08:00:00,385.24,394.89,307.36,334.85,5792598.731
2020-09-06 08:00:00,334.85,360.0,316.03,352.69,3681811.956
2020-09-07 08:00:00,352.62,358.48,323.02,353.49,3268150.18
2020-09-08 08:00:00,353.49,356.67,325.0,337.32,3008960.497
2020-09-09 08:00:00,337.38,359.0,330.58,350.65,1732784.863
2020-09-10 08:00:00,350.58,377.0,349.66,367.69,2855720.317
2020-09-11 08:00:00,367.69,375.07,355.6,373.45,1837058.853
2020-09-12 08:00:00,373.42,388.36,364.43,387.65,1472243.835
2020-09-13 08:00:00,387.58,390.45,353.12,366.24,2318465.664
2020-09-14 08:00:00,366.24,384.42,355.48,377.13,2243256.424
2020-09-15 08:00:00,377.13,382.49,362.29,364.06,2013169.525
2020-09-16 08:00:00,364.0,373.3,354.75,364.95,1911187.036
2020-09-17 08:00:00,364.97,394.07,363.1,389.24,2807865.002
2020-09-18 08:00:00,389.23,392.43,375.39,384.44,1502040.045
2020-09-19 08:00:00,384.43,388.71,376.67,384.96,923238.785
2020-09-20 08:00:00,384.95,385.33,364.52,370.85,1347492.449
2020-09-21 08:00:00,370.86,377.2,330.66,340.19,3292780.639
2020-09-22 08:00:00,340.19,346.75,335.27,344.06,2105741.952
2020-09-23 08:00:00,344.05,344.6,312.36,320.64,2547487.165
2020-09-24 08:00:00,320.64,353.09,316.37,348.77,2679663.06
2020-09-25 08:00:00,348.73,357.88,337.5,351.88,2148472.096
2020-09-26 08:00:00,351.88,356.58,345.76,353.88,1293348.016
2020-09-27 08:00:00,353.89,362.22,346.79,357.4,1563883.714
2020-09-28 08:00:00,357.29,368.45,351.6,353.85,1849537.469
2020-09-29 08:00:00,353.84,360.55,350.07,359.7,1437671.627
2020-09-30 08:00:00,359.7,361.55,351.02,359.71,1168055.491
2020-10-01 08:00:00,359.71,370.44,345.1,352.53,2088409.078
2020-10-02 08:00:00,352.54,354.34,334.01,345.41,1991868.507
2020-10-03 08:00:00,345.44,350.86,343.38,345.72,824121.901
2020-10-04 08:00:00,345.69,354.3,343.68,352.23,994011.923
2020-10-05 08:00:00,352.15,356.51,348.2,353.45,979059.824
2020-10-06 08:00:00,353.45,354.95,336.44,340.65,1685300.902
2020-10-07 08:00:00,340.66,342.9,332.22,341.41,1228735.001
2020-10-08 08:00:00,341.42,353.43,333.88,351.08,1560418.728
2020-10-09 08:00:00,351.07,368.3,347.26,365.04,1327626.268
2020-10-10 08:00:00,365.03,378.7,364.71,370.68,1467956.111
2020-10-11 08:00:00,370.68,378.1,369.07,374.39,1029589.464
2020-10-12 08:00:00,374.39,395.43,365.5,386.73,2084977.674
2020-10-13 08:00:00,386.72,388.15,374.25,381.12,1684066.814
2020-10-14 08:00:00,381.11,387.72,373.12,378.75,1534026.379
2020-10-15 08:00:00,378.75,382.6,369.5,377.63,1617436.212
2020-10-16 08:00:00,377.63,379.92,360.53,365.41,1864106.37
2020-10-17 08:00:00,365.42,370.91,363.19,368.26,710651.199
2020-10-18 08:00:00,368.26,378.8,367.16,378.29,806637.483
2020-10-19 08:00:00,378.28,384.53,372.72,379.47,1306013.625
2020-10-20 08:00:00,379.47,381.19,364.9,368.74,1662321.815
2020-10-21 08:00:00,368.74,402.8,367.9,390.96,3345842.465
2020-10-22 08:00:00,390.95,421.9,390.57,414.39,3018734.084
2020-10-23 08:00:00,414.38,419.99,401.82,409.4,2104662.195
2020-10-24 08:00:00,409.41,417.16,407.33,412.34,1329608.93
2020-10-25 08:00:00,412.34,417.89,402.6,406.14,1346452.607
2020-10-26 08:00:00,406.14,411.18,382.18,392.43,2786314.677
2020-10-27 08:00:00,392.43,410.58,390.0,403.6,2401387.34
2020-10-28 08:00:00,403.59,409.65,379.28,388.17,2723288.874
2020-10-29 08:00:00,388.17,394.27,380.5,386.94,1923941.877
2020-10-30 08:00:00,386.94,392.1,373.03,382.4,2280687.856
2020-10-31 08:00:00,382.49,394.14,380.14,386.29,1672781.766
2020-11-01 08:00:00,386.28,398.0,384.32,396.82,1414350.496
2020-11-02 08:00:00,396.9,405.0,377.71,383.16,2316121.967
2020-11-03 08:00:00,383.16,390.28,370.0,388.11,2031329.509
2020-11-04 08:00:00,388.11,408.99,375.71,402.92,3120949.65
2020-11-05 08:00:00,402.95,423.79,395.89,417.14,4634761.389
2020-11-06 08:00:00,417.13,459.0,414.81,456.38,5106137.581
2020-11-07 08:00:00,456.38,469.74,423.7,435.58,5035309.468
2020-11-08 08:00:00,435.64,461.1,432.33,454.75,2450451.528
2020-11-09 08:00:00,454.74,459.9,433.76,444.72,3414860.603
2020-11-10 08:00:00,444.73,455.82,439.07,450.67,2457157.259
2020-11-11 08:00:00,450.67,476.89,449.69,463.35,3760142.204
2020-11-12 08:00:00,463.34,470.83,451.09,462.68,3184836.866
2020-11-13 08:00:00,462.69,479.0,457.25,476.8,3013056.859
2020-11-14 08:00:00,476.8,478.1,451.97,461.0,2199594.275
2020-11-15 08:00:00,461.02,462.96,440.1,448.16,2039952.113
2020-11-16 08:00:00,448.16,466.6,445.53,460.72,2458564.459
2020-11-17 08:00:00,460.7,485.93,460.0,482.49,3589150.001
2020-11-18 08:00:00,482.56,497.0,455.0,478.61,5265683.829
2020-11-19 08:00:00,478.6,480.68,465.15,471.38,2320768.365
2020-11-20 08:00:00,471.38,514.52,471.01,510.37,4646610.69
2020-11-21 08:00:00,510.43,555.44,502.8,554.1,5113556.271
2020-11-22 08:00:00,554.04,582.93,511.0,560.42,7317045.59
2020-11-23 08:00:00,560.41,611.88,550.81,609.12,7475301.504
2020-11-24 08:00:00,609.12,624.65,586.15,605.72,5651528.809
2020-11-25 08:00:00,605.71,607.09,555.0,569.79,4433328.336
2020-11-26 08:00:00,569.79,577.53,480.12,520.25,9591594.788
2020-11-27 08:00:00,520.2,530.83,493.8,518.92,3685801.761
2020-11-28 08:00:00,518.89,548.0,507.0,537.46,2832550.126
2020-11-29 08:00:00,537.37,577.0,530.5,576.38,2762989.981
2020-11-30 08:00:00,576.38,617.53,570.9,617.42,4836853.473
2020-12-01 08:00:00,617.5,638.66,558.0,585.98,7059013.364
2020-12-02 08:00:00,585.92,605.88,574.73,596.96,3460094.906
2020-12-03 08:00:00,596.96,624.7,585.95,616.2,2791753.902
2020-12-04 08:00:00,616.21,620.99,564.91,567.68,3251195.251
2020-12-05 08:00:00,567.69,598.2,561.06,596.97,2107815.29
2020-12-06 08:00:00,596.98,607.93,583.2,601.86,2030749.593
2020-12-07 08:00:00,601.86,603.63,584.67,591.84,1665460.089
2020-12-08 08:00:00,591.84,595.75,548.0,555.17,3233758.126
2020-12-09 08:00:00,555.08,578.62,531.0,573.27,3460599.61
2020-12-10 08:00:00,573.28,575.67,548.52,559.71,2293137.506
2020-12-11 08:00:00,559.69,561.37,533.11,544.74,2929601.56
2020-12-12 08:00:00,544.8,574.0,543.34,568.34,1764546.873
2020-12-13 08:00:00,568.3,595.47,563.11,590.91,2311572.28
2020-12-14 08:00:00,590.92,591.63,575.57,586.33,1808415.505
2020-12-15 08:00:00,586.32,598.0,579.0,588.8,1866136.289
2020-12-16 08:00:00,588.8,640.47,581.04,637.8,3634225.42
2020-12-17 08:00:00,637.79,678.2,625.0,643.12,6624640.551
2020-12-18 08:00:00,643.09,665.85,630.1,654.51,2995266.462
2020-12-19 08:00:00,654.44,671.95,646.0,658.81,2635211.184
2020-12-20 08:00:00,658.82,662.99,620.93,638.27,2759178.686
2020-12-21 08:00:00,638.25,648.88,595.54,608.18,3621682.355
2020-12-22 08:00:00,608.24,638.7,588.41,637.2,3285945.398
2020-12-23 08:00:00,637.2,639.54,546.81,585.34,4594542.183
2020-12-24 08:00:00,585.49,615.42,565.2,612.31,3154682.001
2020-12-25 08:00:00,612.31,634.96,604.5,627.18,2623370.085
2020-12-26 08:00:00,627.17,654.32,615.1,637.9,3122352.524
2020-12-27 08:00:00,637.89,718.75,625.0,685.97,6363000.477
2020-12-28 08:00:00,685.97,749.5,681.91,731.07,5455254.006
2020-12-29 08:00:00,731.06,742.0,690.1,733.45,4261041.716
2020-12-30 08:00:00,733.45,760.76,717.52,753.04,3348883.502
2020-12-31 08:00:00,753.05,757.0,721.75,737.19,2876756.193
2021-01-01 08:00:00,737.18,750.4,714.55,729.77,1952291.25
2021-01-02 08:00:00,729.7,788.71,715.6,775.02,4176508.581
2021-01-03 08:00:00,775.04,1022.51,769.19,980.24,9610267.802
2021-01-04 08:00:00,980.23,1173.94,890.0,1043.11,12057661.07
2021-01-05 08:00:00,1043.12,1138.92,974.23,1101.29,7526097.093
2021-01-06 08:00:00,1101.29,1218.0,1057.3,1212.64,6952861.553
2021-01-07 08:00:00,1212.98,1297.15,1150.0,1227.12,5807791.01
2021-01-08 08:00:00,1227.5,1279.06,1064.6,1218.39,6994773.234
2021-01-09 08:00:00,1218.55,1314.0,1173.0,1279.96,4157466.015
2021-01-10 08:00:00,1279.96,1354.66,1168.49,1257.96,5913298.389
2021-01-11 08:00:00,1257.95,1264.5,915.2,1086.94,11237262.77
2021-01-12 08:00:00,1086.84,1153.13,1007.0,1050.82,5530754.1
2021-01-13 08:00:00,1050.67,1138.63,987.21,1130.4,4029644.646
2021-01-14 08:00:00,1130.4,1249.32,1087.68,1234.86,4079502.435
2021-01-15 08:00:00,1234.5,1260.0,1070.0,1168.79,5020898.727
2021-01-16 08:00:00,1168.65,1296.79,1152.13,1230.19,3980782.071
2021-01-17 08:00:00,1230.32,1272.28,1165.0,1233.71,3396518.439
2021-01-18 08:00:00,1233.61,1265.96,1183.2,1262.99,2562805.077
2021-01-19 08:00:00,1263.0,1444.05,1255.51,1367.51,6288844.344
2021-01-20 08:00:00,1367.38,1411.38,1236.35,1379.24,5844273.198
2021-01-21 08:00:00,1379.23,1391.0,1083.4,1111.23,6820207.515
2021-01-22 08:00:00,1111.82,1274.52,1041.13,1234.55,5475223.381
2021-01-23 08:00:00,1234.54,1274.0,1197.0,1235.66,2920417.541
2021-01-24 08:00:00,1235.65,1401.88,1221.51,1394.24,3768553.334
2021-01-25 08:00:00,1394.23,1481.46,1293.0,1318.61,5138109.254
2021-01-26 08:00:00,1318.53,1379.5,1244.87,1368.4,4868106.344
2021-01-27 08:00:00,1368.48,1377.9,1206.0,1238.55,5277115.882
2021-01-28 08:00:00,1238.55,1362.94,1217.28,1329.86,3463945.921
2021-01-29 08:00:00,1330.28,1443.0,1285.46,1381.99,5010264.423
2021-01-30 08:00:00,1382.14,1409.35,1328.0,1380.48,2364036.673
2021-01-31 08:00:00,1380.42,1383.7,1281.96,1313.12,2091898.285
2021-02-01 08:00:00,1313.09,1379.73,1270.0,1376.48,2282184.993
2021-02-02 08:00:00,1376.74,1551.5,1363.0,1516.26,5098356.241
2021-02-03 08:00:00,1516.2,1672.76,1510.76,1666.0,4407760.724
2021-02-04 08:00:00,1666.1,1703.37,1557.0,1596.0,4966516.757
2021-02-05 08:00:00,1595.93,1767.19,1592.46,1721.16,3518469.104
2021-02-06 08:00:00,1721.03,1748.11,1647.09,1679.34,2991060.685
2021-02-07 08:00:00,1679.38,1695.5,1490.48,1611.99,4063794.078
2021-02-08 08:00:00,1612.0,1782.5,1566.22,1755.61,3884050.435
2021-02-09 08:00:00,1755.6,1830.47,1713.2,1770.79,3388435.791
2021-02-10 08:00:00,1770.99,1848.0,1680.0,1743.31,3442140.65
2021-02-11 08:00:00,1743.3,1827.07,1704.21,1789.32,2256762.199
2021-02-12 08:00:00,1789.32,1872.86,1740.22,1843.08,2650816.264
2021-02-13 08:00:00,1843.08,1878.88,1764.79,1818.02,2381458.551
2021-02-14 08:00:00,1817.86,1857.67,1785.23,1803.59,1773668.237
2021-02-15 08:00:00,1804.0,1839.63,1652.0,1781.34,3238695.81
2021-02-16 08:00:00,1781.34,1831.58,1726.01,1784.31,2536777.874
2021-02-17 08:00:00,1784.31,1864.26,1735.66,1849.86,2340915.266
2021-02-18 08:00:00,1849.87,1955.0,1849.37,1941.26,2447343.966
2021-02-19 08:00:00,1941.12,1980.0,1894.0,1958.58,1943898.87
2021-02-20 08:00:00,1958.59,2048.0,1792.0,1914.58,3273599.601
2021-02-21 08:00:00,1914.51,1981.04,1885.0,1934.75,2039425.917
2021-02-22 08:00:00,1934.59,1938.5,1552.2,1778.3,4972909.716
2021-02-23 08:00:00,1778.22,1784.08,1348.17,1579.75,7089349.585
2021-02-24 08:00:00,1579.75,1714.04,1501.09,1623.98,3593348.017
2021-02-25 08:00:00,1623.94,1672.49,1458.0,1482.09,2955804.261
2021-02-26 08:00:00,1482.13,1563.66,1401.01,1445.28,3880051.012
2021-02-27 08:00:00,1445.36,1530.19,1425.5,1458.65,2530875.338
2021-02-28 08:00:00,1458.64,1469.44,1292.8,1419.77,4109392.696
2021-03-01 08:00:00,1419.96,1573.42,1411.1,1571.2,2727916.51
2021-03-02 08:00:00,1571.2,1604.85,1455.3,1486.28,2884922.074
2021-03-03 08:00:00,1486.24,1664.0,1475.0,1568.63,3055043.878
2021-03-04 08:00:00,1568.63,1626.0,1506.99,1540.69,3087612.251
2021-03-05 08:00:00,1540.7,1551.0,1441.57,1529.88,3051666.755
2021-03-06 08:00:00,1529.75,1674.02,1515.16,1651.73,2839191.599
2021-03-07 08:00:00,1651.9,1736.89,1631.59,1727.23,2570034.976
2021-03-08 08:00:00,1727.73,1844.57,1667.86,1834.3,3501989.878
2021-03-09 08:00:00,1834.47,1873.86,1801.0,1873.31,2460568.209
2021-03-10 08:00:00,1873.37,1882.59,1760.0,1796.8,3413199.591
2021-03-11 08:00:00,1796.8,1850.07,1725.96,1829.0,3061111.766
2021-03-12 08:00:00,1828.96,1846.59,1719.92,1767.44,2753218.247
2021-03-13 08:00:00,1767.32,1948.75,1729.33,1924.94,2763730.381
2021-03-14 08:00:00,1924.94,1935.88,1836.0,1850.54,2244662.581
2021-03-15 08:00:00,1850.5,1896.3,1729.2,1794.89,3297299.618
2021-03-16 08:00:00,1795.09,1819.76,1712.0,1807.25,2500648.806
2021-03-17 08:00:00,1807.25,1841.86,1741.95,1825.77,2164536.182
2021-03-18 08:00:00,1825.94,1853.0,1758.48,1777.54,1948941.621
2021-03-19 08:00:00,1777.55,1844.32,1733.09,1811.04,1807873.07
2021-03-20 08:00:00,1811.04,1873.84,1802.5,1807.35,1400240.86
2021-03-21 08:00:00,1807.43,1818.61,1745.02,1784.67,1569940.157
2021-03-22 08:00:00,1784.78,1809.59,1653.67,1681.69,2062250.384
2021-03-23 08:00:00,1681.66,1722.52,1652.58,1669.33,1875276.276
2021-03-24 08:00:00,1669.33,1742.43,1540.22,1582.11,2657346.906
2021-03-25 08:00:00,1582.01,1622.54,1548.56,1587.5,2454402.206
2021-03-26 08:00:00,1587.44,1701.19,1587.03,1699.13,1630204.715
2021-03-27 08:00:00,1699.21,1734.88,1668.3,1714.34,1412714.74
2021-03-28 08:00:00,1714.14,1727.5,1662.54,1688.3,1167051.376
2021-03-29 08:00:00,1688.31,1845.0,1680.04,1818.44,1936361.877
2021-03-30 08:00:00,1818.43,1863.79,1788.3,1843.43,1627666.888
2021-03-31 08:00:00,1843.43,1952.98,1771.85,1923.07,2721505.354
2021-04-01 08:00:00,1923.07,1989.11,1882.1,1969.74,2282765.6
2021-04-02 08:00:00,1969.75,2150.0,1949.94,2138.01,2782619.002
2021-04-03 08:00:00,2138.01,2144.17,2002.0,2012.63,2961955.982
2021-04-04 08:00:00,2012.64,2093.72,1980.0,2077.73,1628253.906
2021-04-05 08:00:00,2077.85,2138.61,2002.16,2110.35,2029400.255
2021-04-06 08:00:00,2110.39,2161.02,2043.89,2114.47,2216031.293
2021-04-07 08:00:00,2114.48,2133.02,1930.1,1965.4,3144081.502
2021-04-08 08:00:00,1965.4,2086.67,1950.0,2082.08,1653807.764
2021-04-09 08:00:00,2082.02,2104.83,2052.0,2068.02,1237414.829
2021-04-10 08:00:00,2068.02,2211.94,2059.03,2135.96,2077350.376
2021-04-11 08:00:00,2135.99,2171.07,2115.56,2155.05,1290245.975
2021-04-12 08:00:00,2155.07,2209.99,2101.96,2139.25,1659510.107
2021-04-13 08:00:00,2139.24,2324.0,2137.21,2303.15,2311955.605
2021-04-14 08:00:00,2303.15,2450.0,2286.04,2437.08,3370771.796
2021-04-15 08:00:00,2436.74,2548.6,2403.14,2519.85,2600911.507
2021-04-16 08:00:00,2519.85,2553.0,2298.23,2427.29,3505534.172
2021-04-17 08:00:00,2427.29,2499.26,2314.49,2319.8,2057149.939
2021-04-18 08:00:00,2319.93,2341.91,1900.0,2235.32,4275573.298
2021-04-19 08:00:00,2235.32,2278.58,2079.12,2162.75,3029523.224
2021-04-20 08:00:00,2162.76,2347.0,2052.42,2329.96,3393046.281
2021-04-21 08:00:00,2330.07,2470.0,2238.96,2358.9,3556266.081
2021-04-22 08:00:00,2359.41,2645.63,2305.0,2398.94,6698438.657
2021-04-23 08:00:00,2399.2,2443.66,2110.0,2368.67,6753400.874
2021-04-24 08:00:00,2368.66,2370.04,2156.58,2215.54,3424662.228
2021-04-25 08:00:00,2215.55,2357.0,2162.9,2320.71,3570867.777
2021-04-26 08:00:00,2320.71,2545.5,2303.42,2534.25,3507145.533
2021-04-27 08:00:00,2534.17,2683.42,2481.43,2668.39,2604067.05
2021-04-28 08:00:00,2668.28,2762.1,2562.83,2748.33,3857131.883
2021-04-29 08:00:00,2748.33,2798.0,2668.87,2759.14,2827431.929
2021-04-30 08:00:00,2759.15,2803.55,2726.88,2773.15,1961665.845
2021-05-01 08:00:00,2773.16,2958.91,2754.04,2947.01,2294000.106
2021-05-02 08:00:00,2947.0,2986.97,2856.7,2950.98,2080733.971
2021-05-03 08:00:00,2950.91,3459.8,2950.7,3433.36,5116980.548
2021-05-04 08:00:00,3433.7,3529.64,3160.01,3243.67,6940584.205
2021-05-05 08:00:00,3243.65,3552.74,3211.0,3528.49,3838631.919
2021-05-06 08:00:00,3528.74,3616.0,3380.25,3493.16,3041921.923
2021-05-07 08:00:00,3493.17,3592.0,3355.0,3480.98,2326172.061
2021-05-08 08:00:00,3480.98,3964.83,3451.74,3914.47,3128906.127
2021-05-09 08:00:00,3914.95,3985.55,3730.0,3928.01,3118238.601
2021-05-10 08:00:00,3927.83,4214.92,3658.0,3950.33,5052309.882
2021-05-11 08:00:00,3950.32,4183.52,3778.17,4175.91,3394479.287
2021-05-12 08:00:00,4175.85,4379.18,3723.43,3828.99,4928002.067
2021-05-13 08:00:00,3829.89,4036.45,3491.53,3719.45,5852199.813
2021-05-14 08:00:00,3719.44,4175.0,3692.99,4079.99,3063526.292
2021-05-15 08:00:00,4079.98,4137.21,3634.44,3648.98,3319093.925
2021-05-16 08:00:00,3649.01,3882.76,3348.0,3581.39,4223953.947
2021-05-17 08:00:00,3581.39,3587.0,3125.0,3283.58,5745292.662
2021-05-18 08:00:00,3283.23,3570.27,3240.06,3376.35,3842243.27
2021-05-19 08:00:00,3377.03,3446.24,1400.73,2442.98,10144417.23
2021-05-20 08:00:00,2444.02,2990.85,2150.0,2768.42,6097256.74
2021-05-21 08:00:00,2768.42,2940.0,2097.99,2431.01,6041587.849
2021-05-22 08:00:00,2431.24,2489.65,2151.63,2295.15,4564892.774
2021-05-23 08:00:00,2295.46,2383.41,1728.85,2096.63,7797673.861
2021-05-24 08:00:00,2096.62,2675.0,2079.0,2649.27,5714266.276
2021-05-25 08:00:00,2649.49,2750.0,2380.6,2706.83,5322472.943
2021-05-26 08:00:00,2706.82,2913.0,2642.87,2884.27,4052111.799
2021-05-27 08:00:00,2884.16,2893.03,2634.0,2742.77,3441489.934
2021-05-28 08:00:00,2742.77,2763.57,2324.48,2411.66,4733066.731
2021-05-29 08:00:00,2411.65,2577.04,2208.04,2277.99,4468023.064
2021-05-30 08:00:00,2277.99,2476.83,2179.13,2386.11,3642984.366
2021-05-31 08:00:00,2386.11,2721.51,2271.46,2706.33,4203920.413
2021-06-01 08:00:00,2706.46,2741.45,2523.82,2634.63,3779985.27
2021-06-02 08:00:00,2634.61,2804.04,2551.03,2707.22,3026897.821
2021-06-03 08:00:00,2707.03,2892.23,2662.0,2858.34,3561113.235
2021-06-04 08:00:00,2858.34,2861.53,2540.61,2689.21,4343826.882
2021-06-05 08:00:00,2689.41,2817.43,2550.77,2627.45,3876375.64
2021-06-06 08:00:00,2627.44,2744.0,2613.11,2711.4,2719341.885
2021-06-07 08:00:00,2711.3,2849.65,2569.3,2592.96,4175255.701
2021-06-08 08:00:00,2592.51,2621.27,2305.5,2506.19,6567894.086
2021-06-09 08:00:00,2506.13,2627.38,2404.01,2610.2,5127988.288
2021-06-10 08:00:00,2610.2,2624.79,2423.36,2471.11,3151629.315
2021-06-11 08:00:00,2471.05,2497.94,2320.0,2354.25,2932342.336
2021-06-12 08:00:00,2354.25,2452.79,2255.42,2370.59,3349184.786
2021-06-13 08:00:00,2370.61,2548.0,2307.41,2508.71,2999901.961
2021-06-14 08:00:00,2508.56,2608.53,2460.0,2579.82,2592648.448
2021-06-15 08:00:00,2579.8,2639.99,2506.81,2544.17,2609572.986
2021-06-16 08:00:00,2544.28,2557.54,2350.0,2366.84,2715755.789
2021-06-17 08:00:00,2366.84,2459.77,2304.15,2372.51,2805257.77
2021-06-18 08:00:00,2372.5,2376.94,2135.04,2231.68,3783368.698
2021-06-19 08:00:00,2231.68,2280.0,2160.0,2163.36,2905034.112
2021-06-20 08:00:00,2163.36,2277.0,2038.94,2242.7,4117443.373
2021-06-21 08:00:00,2242.7,2259.27,1864.36,1884.77,8408243.758
2021-06-22 08:00:00,1884.75,1997.8,1698.64,1878.46,7629543.365
2021-06-23 08:00:00,1878.46,2044.35,1820.3,1966.51,4071236.262
2021-06-24 08:00:00,1966.48,2036.0,1883.47,1989.5,3069218.028
2021-06-25 08:00:00,1989.5,2020.0,1790.0,1808.0,4807623.064
2021-06-26 08:00:00,1808.0,1852.95,1715.0,1828.88,4547451.38
2021-06-27 08:00:00,1828.86,1984.61,1805.0,1980.83,3643084.635
2021-06-28 08:00:00,1981.0,2146.91,1960.31,2083.56,5085737.209
2021-06-29 08:00:00,2083.55,2244.33,2073.0,2165.15,4249854.368
2021-06-30 08:00:00,2165.03,2290.0,2087.23,2275.0,4574440.196
2021-07-01 08:00:00,2274.99,2275.68,2066.0,2105.24,4469383.028
2021-07-02 08:00:00,2105.23,2160.0,2016.43,2152.64,3889563.119
2021-07-03 08:00:00,2152.48,2239.0,2112.03,2226.63,2965804.658
2021-07-04 08:00:00,2226.71,2390.0,2188.0,2321.95,3200803.958
2021-07-05 08:00:00,2322.13,2324.22,2155.04,2195.38,4496646.698
2021-07-06 08:00:00,2195.38,2349.92,2191.24,2322.04,4197100.45
2021-07-07 08:00:00,2321.82,2410.0,2292.94,2314.65,3113882.674
2021-07-08 08:00:00,2314.64,2326.58,2082.07,2114.88,4154305.408
2021-07-09 08:00:00,2114.81,2189.27,2045.0,2147.53,4166847.297
2021-07-10 08:00:00,2147.4,2195.0,2073.0,2111.14,2803372.98
2021-07-11 08:00:00,2111.14,2175.0,2080.0,2140.27,2154716.197
2021-07-12 08:00:00,2140.26,2167.95,2003.4,2030.85,2941659.373
2021-07-13 08:00:00,2030.78,2048.97,1916.0,1940.32,3641617.739
2021-07-14 08:00:00,1940.31,2018.55,1862.32,1993.82,4274762.909
2021-07-15 08:00:00,1993.82,2042.1,1880.29,1919.35,3891662.256
2021-07-16 08:00:00,1919.36,1965.85,1846.0,1876.1,3797831.436
2021-07-17 08:00:00,1876.09,1919.0,1841.0,1898.55,3169044.845
2021-07-18 08:00:00,1898.55,1994.26,1875.0,1890.66,3350134.623
2021-07-19 08:00:00,1890.8,1917.82,1801.0,1818.4,3317206.573
2021-07-20 08:00:00,1818.4,1841.34,1715.0,1785.04,4510417.88
2021-07-21 08:00:00,1785.2,2038.0,1752.35,1995.49,5466949.512
2021-07-22 08:00:00,1995.5,2046.0,1945.0,2023.55,3739570.52
2021-07-23 08:00:00,2024.0,2131.96,1995.02,2124.33,3237000.868
2021-07-24 08:00:00,2124.34,2198.0,2105.4,2183.53,2900599.605
2021-07-25 08:00:00,2183.54,2197.0,2106.12,2188.11,2654045.578
2021-07-26 08:00:00,2188.15,2433.53,2170.03,2227.41,5648561.635
2021-07-27 08:00:00,2227.44,2319.0,2150.0,2298.04,4077823.745
2021-07-28 08:00:00,2298.05,2345.54,2242.2,2300.08,3309639.002
2021-07-29 08:00:00,2300.12,2406.44,2263.33,2382.45,2369811.378
2021-07-30 08:00:00,2382.45,2473.99,2316.03,2461.72,3555705.688
2021-07-31 08:00:00,2461.52,2553.8,2421.76,2530.49,2363945.704
2021-08-01 08:00:00,2530.37,2699.0,2511.88,2554.71,4203633.648
2021-08-02 08:00:00,2554.72,2666.91,2506.11,2607.09,3757454.702
2021-08-03 08:00:00,2607.09,2633.27,2441.0,2506.87,4035094.388
2021-08-04 08:00:00,2506.5,2775.06,2456.83,2725.0,4639321.233
2021-08-05 08:00:00,2725.0,2845.9,2527.0,2826.8,6430648.209
2021-08-06 08:00:00,2826.81,2948.36,2720.31,2892.3,3957430.19
2021-08-07 08:00:00,2892.29,3176.0,2865.45,3163.26,5211893.648
2021-08-08 08:00:00,3163.26,3195.67,2950.45,3014.06,4207474.0
2021-08-09 08:00:00,3014.06,3190.8,2890.03,3163.43,4997024.855
2021-08-10 08:00:00,3163.43,3239.13,3053.24,3143.98,4011325.684
2021-08-11 08:00:00,3143.97,3279.78,3120.69,3161.52,3248054.689
2021-08-12 08:00:00,3161.52,3241.57,2981.0,3046.74,3651234.966
2021-08-13 08:00:00,3046.63,3332.88,3034.35,3324.12,3291401.802
2021-08-14 08:00:00,3324.12,3337.99,3210.0,3266.31,2307338.73
2021-08-15 08:00:00,3266.31,3326.0,3109.0,3312.31,2863557.025
2021-08-16 08:00:00,3312.31,3343.0,3133.33,3146.83,2823441.625
2021-08-17 08:00:00,3146.82,3294.23,2992.0,3014.64,3583054.432
2021-08-18 08:00:00,3014.63,3125.92,2950.0,3014.25,2914764.091
2021-08-19 08:00:00,3014.31,3194.0,2958.8,3186.8,2795287.664
2021-08-20 08:00:00,3186.76,3308.26,3180.0,3286.62,2223015.324
2021-08-21 08:00:00,3286.65,3313.9,3207.12,3226.4,1838074.781
2021-08-22 08:00:00,3226.39,3276.42,3124.35,3241.29,1773220.917
2021-08-23 08:00:00,3241.29,3383.0,3233.07,3323.01,2430852.991
2021-08-24 08:00:00,3323.0,3362.0,3145.0,3173.98,2520587.128
2021-08-25 08:00:00,3173.99,3249.0,3078.52,3227.9,2405504.816
2021-08-26 08:00:00,3227.9,3254.0,3052.0,3093.77,2360877.641
2021-08-27 08:00:00,3093.81,3283.0,3061.44,3273.91,2227370.879
2021-08-28 08:00:00,3274.12,3288.22,3209.93,3247.29,1124796.339
2021-08-29 08:00:00,3247.47,3291.7,3150.5,3225.47,1642534.292
2021-08-30 08:00:00,3225.47,3350.0,3142.38,3230.43,2535431.803
2021-08-31 08:00:00,3230.42,3478.0,3187.85,3430.49,3605871.087
2021-09-01 08:00:00,3430.49,3849.0,3381.23,3831.44,3339812.397
2021-09-02 08:00:00,3831.42,3843.21,3723.87,3788.95,1997427.18
2021-09-03 08:00:00,3788.94,4036.44,3710.77,3942.79,2643680.21
2021-09-04 08:00:00,3942.83,3976.59,3835.0,3889.71,1508907.058
2021-09-05 08:00:00,3889.95,3991.25,3837.0,3952.56,1483337.994
2021-09-06 08:00:00,3952.56,3976.6,3864.27,3929.0,1471495.586
2021-09-07 08:00:00,3929.01,3952.53,2923.0,3435.0,4947996.791
2021-09-08 08:00:00,3435.0,3562.25,3217.01,3497.99,2986177.27
2021-09-09 08:00:00,3497.68,3570.34,3390.0,3426.42,1980923.9
2021-09-10 08:00:00,3426.43,3517.91,3143.2,3209.84,2299854.907
2021-09-11 08:00:00,3209.85,3349.17,3199.26,3267.23,1413713.591
2021-09-12 08:00:00,3267.28,3474.95,3230.84,3405.21,1518234.911
2021-09-13 08:00:00,3405.65,3432.12,3107.02,3284.41,2654865.254
2021-09-14 08:00:00,3284.17,3438.0,3269.25,3435.42,1536142.673
2021-09-15 08:00:00,3435.29,3620.0,3358.08,3614.72,1652816.482
2021-09-16 08:00:00,3614.71,3678.0,3482.0,3570.46,1879717.934
2021-09-17 08:00:00,3570.46,3597.52,3350.0,3400.99,1665745.301
2021-09-18 08:00:00,3401.0,3546.0,3370.25,3435.35,1392166.948
2021-09-19 08:00:00,3435.36,3459.0,3275.0,3328.72,1409270.892
2021-09-20 08:00:00,3328.99,3347.99,2907.07,2978.34,3894861.617
2021-09-21 08:00:00,2978.34,3108.17,2647.8,2765.48,4287828.77
2021-09-22 08:00:00,2765.47,3088.88,2736.57,3076.62,2674294.104
2021-09-23 08:00:00,3076.62,3173.99,3032.77,3150.7,1943658.778
2021-09-24 08:00:00,3150.7,3157.5,2731.0,2926.37,3728810.363
2021-09-25 08:00:00,2926.36,2967.32,2800.0,2921.08,2234473.867
2021-09-26 08:00:00,2921.08,3116.84,2737.19,3057.63,2764313.381
2021-09-27 08:00:00,3057.62,3163.9,2920.22,2923.6,2027222.045
2021-09-28 08:00:00,2923.59,2969.0,2781.0,2803.5,2369127.215
2021-09-29 08:00:00,2803.34,2949.0,2780.0,2848.38,1856443.794
2021-09-30 08:00:00,2848.38,3049.3,2835.29,2999.45,2159104.679
2021-10-01 08:00:00,2999.45,3331.56,2967.1,3308.58,2414202.176
2021-10-02 08:00:00,3308.59,3471.58,3257.05,3387.25,1587338.885
2021-10-03 08:00:00,3387.24,3489.22,3340.0,3418.25,1314004.609
2021-10-04 08:00:00,3418.21,3440.0,3268.81,3386.12,1961769.087
2021-10-05 08:00:00,3386.12,3549.9,3363.56,3517.64,1476768.109
2021-10-06 08:00:00,3517.64,3638.0,3339.67,3576.85,2134235.566
2021-10-07 08:00:00,3576.9,3659.98,3470.37,3589.85,1809003.003
2021-10-08 08:00:00,3589.85,3675.41,3531.0,3563.81,1501949.85
2021-10-09 08:00:00,3563.82,3639.0,3538.1,3577.8,907875.164
2021-10-10 08:00:00,3577.65,3607.55,3402.12,3415.01,1518799.428
2021-10-11 08:00:00,3415.01,3629.0,3368.0,3543.1,1874616.227
2021-10-12 08:00:00,3543.09,3549.82,3404.0,3492.91,1986800.415
2021-10-13 08:00:00,3492.9,3618.0,3412.29,3610.05,1635415.204
2021-10-14 08:00:00,3610.24,3830.0,3590.02,3794.19,1736537.63
2021-10-15 08:00:00,3794.18,3915.0,3737.13,3872.71,1828015.586
2021-10-16 08:00:00,3872.7,3980.0,3801.38,3833.3,1398494.278
2021-10-17 08:00:00,3833.29,3925.95,3634.32,3851.01,1611014.925
2021-10-18 08:00:00,3851.17,3898.94,3675.5,3748.31,1768303.025
2021-10-19 08:00:00,3748.1,3893.0,3734.93,3881.48,1769755.526
2021-10-20 08:00:00,3881.49,4173.5,3830.0,4164.14,2278334.962
2021-10-21 08:00:00,4164.13,4389.6,4006.83,4057.26,3807818.968
2021-10-22 08:00:00,4057.26,4172.52,3888.0,3975.56,2113125.983
2021-10-23 08:00:00,3975.55,4177.27,3940.6,4170.5,1494374.557
2021-10-24 08:00:00,4170.5,4191.72,3962.86,4084.61,1501861.254
2021-10-25 08:00:00,4084.6,4240.03,4071.37,4224.14,1389127.307
2021-10-26 08:00:00,4224.13,4306.61,4092.0,4133.39,1665700.699
2021-10-27 08:00:00,4133.37,4319.0,3900.0,3923.57,2642128.851
2021-10-28 08:00:00,3923.58,4300.0,3887.75,4288.96,2233903.498
2021-10-29 08:00:00,4288.91,4467.89,4269.16,4421.53,1862409.48
2021-10-30 08:00:00,4421.53,4438.85,4230.55,4324.82,1145688.807
2021-10-31 08:00:00,4324.82,4399.22,4161.0,4288.86,1308821.315
2021-11-01 08:00:00,4288.87,4385.57,4145.0,4322.72,1541230.772
2021-11-02 08:00:00,4322.72,4604.96,4286.67,4593.88,1477069.747
2021-11-03 08:00:00,4593.17,4676.0,4456.0,4606.59,1476260.698
2021-11-04 08:00:00,4606.59,4611.23,4423.09,4535.37,1202357.813
2021-11-05 08:00:00,4535.38,4575.0,4445.1,4477.29,967384.995
2021-11-06 08:00:00,4477.29,4538.29,4325.91,4521.4,1062427.875
2021-11-07 08:00:00,4521.7,4642.76,4505.41,4616.5,832391.585
2021-11-08 08:00:00,4616.51,4830.66,4615.21,4814.3,1214445.239
2021-11-09 08:00:00,4814.13,4844.97,4714.83,4734.98,1151979.156
2021-11-10 08:00:00,4734.99,4877.54,4450.0,4632.21,1848828.004
2021-11-11 08:00:00,4632.42,4783.12,4580.9,4721.19,1146003.874
2021-11-12 08:00:00,4721.19,4811.0,4508.0,4665.99,1671025.399
2021-11-13 08:00:00,4665.99,4708.0,4585.11,4644.42,812743.805
2021-11-14 08:00:00,4644.42,4700.0,4515.84,4629.44,947148.676
2021-11-15 08:00:00,4629.75,4771.83,4541.44,4567.01,1351110.691
2021-11-16 08:00:00,4567.01,4567.07,4077.0,4209.42,2734039.543
2021-11-17 08:00:00,4209.42,4300.0,4062.0,4287.99,1860601.927
2021-11-18 08:00:00,4288.0,4343.33,3957.96,3997.72,2286170.467
2021-11-19 08:00:00,3997.72,4309.04,3973.14,4293.44,1514406.552
2021-11-20 08:00:00,4293.44,4436.01,4202.24,4412.55,1143613.53
2021-11-21 08:00:00,4412.37,4425.73,4242.0,4259.23,996506.087
2021-11-22 08:00:00,4259.28,4327.75,4019.35,4086.57,1891096.875
2021-11-23 08:00:00,4086.41,4387.0,4059.55,4341.36,1636864.585
2021-11-24 08:00:00,4341.36,4377.0,4170.38,4271.29,1365898.959
2021-11-25 08:00:00,4271.29,4558.29,4250.34,4527.86,1247655.926
2021-11-26 08:00:00,4528.2,4555.0,3911.0,4040.66,2657060.078
2021-11-27 08:00:00,4040.66,4182.66,4027.32,4095.33,1008009.177
2021-11-28 08:00:00,4095.33,4301.07,3958.58,4296.6,1512833.531
2021-11-29 08:00:00,4297.01,4460.0,4280.0,4445.1,1432921.363
2021-11-30 08:00:00,4445.09,4757.8,4347.9,4631.51,2573876.207
2021-12-01 08:00:00,4631.43,4783.19,4528.5,4586.66,1861557.163
2021-12-02 08:00:00,4586.67,4636.86,4435.76,4514.32,1767131.692
2021-12-03 08:00:00,4514.32,4658.0,4004.0,4213.66,2648380.12
2021-12-04 08:00:00,4213.67,4237.2,3388.15,4115.79,3531695.892
2021-12-05 08:00:00,4115.79,4247.19,4033.0,4197.53,1909767.851
2021-12-06 08:00:00,4197.52,4377.58,3920.0,4345.2,2601192.622
2021-12-07 08:00:00,4345.44,4425.0,4255.27,4305.82,1388806.448
2021-12-08 08:00:00,4305.83,4454.6,4224.98,4435.33,1443466.295
2021-12-09 08:00:00,4435.7,4490.97,4075.0,4103.8,1905351.024
2021-12-10 08:00:00,4103.8,4232.0,3882.84,3895.95,2123045.624
2021-12-11 08:00:00,3895.85,4094.82,3831.01,4089.81,1729754.927
2021-12-12 08:00:00,4088.86,4173.37,3985.0,4129.0,1044691.201
2021-12-13 08:00:00,4129.16,4142.0,3668.34,3780.63,2252296.914
2021-12-14 08:00:00,3780.33,3879.13,3682.0,3856.66,1718001.41
2021-12-15 08:00:00,3856.67,4096.0,3639.39,4019.01,2415815.067
2021-12-16 08:00:00,4019.01,4118.47,3951.14,3958.67,1603846.854
2021-12-17 08:00:00,3958.7,3992.99,3694.2,3873.93,2112402.041
2021-12-18 08:00:00,3872.98,3997.39,3764.96,3957.64,1306368.673
2021-12-19 08:00:00,3957.65,4034.99,3881.89,3922.51,1402356.037
2021-12-20 08:00:00,3922.51,3981.48,3750.0,3943.48,1741509.419
2021-12-21 08:00:00,3943.64,4063.0,3912.26,4014.38,1246421.469
2021-12-22 08:00:00,4014.38,4074.99,3924.36,3978.62,1076095.044
2021-12-23 08:00:00,3978.63,4153.71,3888.87,4111.3,1586935.899
2021-12-24 08:00:00,4111.31,4133.38,4014.45,4045.0,1026594.079
2021-12-25 08:00:00,4045.19,4138.47,4015.0,4093.87,890361.594
2021-12-26 08:00:00,4093.88,4104.84,4002.0,4062.24,767517.751
2021-12-27 08:00:00,4062.4,4126.0,4030.06,4037.36,837344.643
2021-12-28 08:00:00,4037.35,4037.36,3756.26,3791.99,1675203.532
2021-12-29 08:00:00,3792.0,3825.91,3600.45,3628.55,1318187.731
2021-12-30 08:00:00,3628.49,3766.71,3580.0,3708.37,1023870.718
2021-12-31 08:00:00,3708.45,3814.95,3621.32,3676.02,1343940.174
2022-01-01 08:00:00,3676.01,3776.33,3671.86,3763.06,755619.793
2022-01-02 08:00:00,3763.05,3860.0,3714.48,3826.21,740079.43
2022-01-03 08:00:00,3826.1,3850.0,3680.0,3764.07,999879.353
2022-01-04 08:00:00,3764.07,3893.19,3711.0,3785.6,1253780.69
2022-01-05 08:00:00,3785.6,3847.18,3405.0,3537.71,1813981.948
2022-01-06 08:00:00,3537.81,3549.11,3292.31,3404.6,1840489.348
2022-01-07 08:00:00,3404.61,3415.35,3040.77,3196.58,2855226.352
2022-01-08 08:00:00,3196.58,3248.03,2996.45,3080.03,1859886.155
2022-01-09 08:00:00,3079.86,3209.4,3057.0,3150.0,1230848.792
2022-01-10 08:00:00,3149.99,3179.16,2924.78,3081.31,2322294.565
2022-01-11 08:00:00,3081.25,3262.66,3050.58,3236.86,1533503.746
2022-01-12 08:00:00,3236.86,3411.0,3203.85,3369.93,1435454.649
2022-01-13 08:00:00,3369.92,3408.89,3230.97,3240.36,1374273.064
2022-01-14 08:00:00,3240.32,3342.63,3181.2,3305.6,1309794.267
2022-01-15 08:00:00,3305.61,3372.0,3257.59,3324.05,809020.133
2022-01-16 08:00:00,3324.06,3394.62,3269.01,3345.49,934941.801
2022-01-17 08:00:00,3345.5,3355.3,3139.37,3208.61,1440138.934
2022-01-18 08:00:00,3208.6,3243.95,3080.5,3159.32,1589444.667
2022-01-19 08:00:00,3159.31,3174.6,3045.0,3082.81,1668517.082
2022-01-20 08:00:00,3082.8,3272.24,2985.0,2999.92,1880719.448
2022-01-21 08:00:00,2999.92,3031.9,2460.0,2566.91,4517274.359
2022-01-22 08:00:00,2566.91,2625.6,2293.56,2410.96,4662398.873
2022-01-23 08:00:00,2410.57,2549.0,2368.0,2538.41,2371974.868
2022-01-24 08:00:00,2538.4,2539.59,2151.0,2438.13,4694300.254
2022-01-25 08:00:00,2437.87,2504.98,2349.6,2457.37,2325986.687
2022-01-26 08:00:00,2457.37,2720.06,2400.01,2461.61,3370868.46
2022-01-27 08:00:00,2461.62,2520.0,2314.33,2422.61,2706734.602
2022-01-28 08:00:00,2422.61,2556.93,2357.0,2543.34,2394675.788
2022-01-29 08:00:00,2543.34,2658.41,2519.21,2599.94,1522389.395
2022-01-30 08:00:00,2599.93,2644.93,2541.46,2600.45,1322236.477
2022-01-31 08:00:00,2600.45,2706.47,2475.33,2685.34,2119781.13
2022-02-01 08:00:00,2685.34,2812.94,2672.61,2786.38,2054807.294
2022-02-02 08:00:00,2786.37,2810.0,2610.4,2678.0,2354857.007
2022-02-03 08:00:00,2678.47,2722.99,2572.64,2694.37,2171742.641
2022-02-04 08:00:00,2694.2,2995.0,2670.14,2993.65,2953890.404
2022-02-05 08:00:00,2993.64,3059.91,2958.01,3011.59,1557391.543
2022-02-06 08:00:00,3011.58,3075.0,2948.0,3054.26,1151531.806
2022-02-07 08:00:00,3054.26,3185.99,2990.83,3138.55,1920603.01
2022-02-08 08:00:00,3138.55,3246.65,3023.28,3115.23,2122006.982
2022-02-09 08:00:00,3115.23,3269.16,3052.5,3241.82,1571485.369
2022-02-10 08:00:00,3241.79,3282.96,3055.24,3070.9,2672791.971
2022-02-11 08:00:00,3070.89,3136.55,2873.5,2926.04,2333471.931
2022-02-12 08:00:00,2926.03,2983.62,2855.0,2916.93,1869241.526
2022-02-13 08:00:00,2917.04,2952.66,2830.31,2870.32,1277486.697
2022-02-14 08:00:00,2870.33,2964.44,2829.8,2928.87,1815960.443
2022-02-15 08:00:00,2928.87,3198.0,2911.85,3183.73,1856076.117
2022-02-16 08:00:00,3183.74,3186.79,3040.42,3121.8,1733462.418
2022-02-17 08:00:00,3121.8,3158.68,2850.0,2890.8,2632604.386
2022-02-18 08:00:00,2890.75,2941.94,2750.0,2778.46,2162941.471
2022-02-19 08:00:00,2778.46,2829.99,2691.0,2761.89,1546343.886
2022-02-20 08:00:00,2761.9,2762.89,2573.33,2620.72,2242471.273
2022-02-21 08:00:00,2620.72,2758.0,2555.56,2566.88,3985389.094
2022-02-22 08:00:00,2566.88,2670.0,2495.0,2635.57,3195802.792
2022-02-23 08:00:00,2635.57,2752.38,2573.39,2578.02,2704599.315
2022-02-24 08:00:00,2578.02,2777.33,2298.72,2595.47,6227786.305
2022-02-25 08:00:00,2595.47,2835.0,2571.68,2766.36,2936418.882
2022-02-26 08:00:00,2766.42,2882.0,2726.0,2778.15,1852287.146
2022-02-27 08:00:00,2778.15,2836.21,2553.68,2615.99,2948786.157
2022-02-28 08:00:00,2615.99,2966.0,2565.0,2920.1,3405929.703
2022-03-01 08:00:00,2920.05,3036.0,2852.2,2975.61,2903119.452
2022-03-02 08:00:00,2975.61,3046.46,2912.96,2947.47,2628094.604
2022-03-03 08:00:00,2947.48,2970.0,2781.77,2832.97,2068430.471
2022-03-04 08:00:00,2832.98,2835.9,2570.65,2620.25,2431616.203
2022-03-05 08:00:00,2620.25,2684.87,2588.0,2663.55,1085460.56
2022-03-06 08:00:00,2663.55,2674.61,2529.0,2549.37,1394552.348
2022-03-07 08:00:00,2549.36,2650.0,2431.62,2489.9,2690724.432
2022-03-08 08:00:00,2489.84,2623.0,2478.35,2575.49,2643188.688
2022-03-09 08:00:00,2575.5,2773.17,2566.41,2726.37,2075382.606
2022-03-10 08:00:00,2726.37,2733.37,2546.83,2605.44,2036842.087
2022-03-11 08:00:00,2605.43,2676.2,2520.5,2555.89,2046135.535
2022-03-12 08:00:00,2555.9,2620.0,2552.22,2567.64,835243.91
2022-03-13 08:00:00,2567.63,2604.13,2490.25,2514.07,1153034.412
2022-03-14 08:00:00,2513.77,2609.32,2496.85,2588.96,1700607.097
2022-03-15 08:00:00,2588.96,2668.8,2504.5,2617.29,2010933.59
2022-03-16 08:00:00,2617.29,2789.86,2602.06,2772.78,2671403.544
2022-03-17 08:00:00,2772.78,2839.0,2745.33,2810.74,1388608.329
2022-03-18 08:00:00,2810.75,2984.72,2760.0,2938.02,2012338.322
2022-03-19 08:00:00,2938.03,2992.0,2890.6,2950.0,1138322.115
2022-03-20 08:00:00,2949.9,2965.0,2817.49,2860.47,1437020.801
2022-03-21 08:00:00,2860.53,2960.0,2830.5,2889.08,1686819.608
2022-03-22 08:00:00,2889.07,3055.9,2885.49,2968.49,1797753.573
2022-03-23 08:00:00,2968.48,3043.69,2915.51,3035.55,1781378.735
2022-03-24 08:00:00,3035.54,3129.75,3001.0,3109.89,2081151.644
2022-03-25 08:00:00,3109.89,3195.0,3075.0,3101.37,2007262.806
2022-03-26 08:00:00,3101.37,3152.24,3084.03,3143.47,760414.286
2022-03-27 08:00:00,3143.47,3299.33,3125.26,3295.01,1243196.793
2022-03-28 08:00:00,3295.01,3430.0,3274.3,3333.62,1780150.955
2022-03-29 08:00:00,3333.62,3480.0,3330.32,3399.0,1928941.55
2022-03-30 08:00:00,3399.0,3447.74,3332.0,3385.1,1512369.419
2022-03-31 08:00:00,3385.09,3444.6,3260.84,3281.43,1815474.754
2022-04-01 08:00:00,3281.43,3483.12,3210.06,3454.33,2109764.119
2022-04-02 08:00:00,3454.33,3533.0,3430.2,3443.07,1652414.36
2022-04-03 08:00:00,3443.06,3580.0,3411.9,3520.76,1431228.504
2022-04-04 08:00:00,3520.65,3551.55,3405.03,3518.96,1653737.507
2022-04-05 08:00:00,3518.97,3554.99,3388.97,3405.04,1487565.105
2022-04-06 08:00:00,3405.03,3406.08,3160.19,3166.78,2622721.98
2022-04-07 08:00:00,3166.77,3267.58,3140.33,3225.15,1752183.226
2022-04-08 08:00:00,3225.0,3315.0,3171.95,3191.26,1958267.702
2022-04-09 08:00:00,3191.27,3269.62,3180.24,3257.53,909857.465
2022-04-10 08:00:00,3257.54,3307.21,3187.0,3200.24,1000563.67
2022-04-11 08:00:00,3200.24,3212.0,2945.08,2978.69,2565570.206
2022-04-12 08:00:00,2978.69,3082.0,2948.19,3026.3,1863628.985
2022-04-13 08:00:00,3026.31,3133.0,2995.23,3116.45,1652978.477
2022-04-14 08:00:00,3116.53,3148.0,2973.47,3019.82,1505522.162
2022-04-15 08:00:00,3019.82,3062.81,2990.06,3039.19,923299.874
2022-04-16 08:00:00,3039.2,3090.0,3008.08,3057.99,652575.022
2022-04-17 08:00:00,3058.0,3082.56,2980.6,2986.03,1075168.023
2022-04-18 08:00:00,2986.02,3069.0,2875.87,3054.02,1815827.195
2022-04-19 08:00:00,3054.02,3129.43,3027.66,3100.42,1194169.089
2022-04-20 08:00:00,3100.43,3173.89,3031.48,3074.01,1393841.93
2022-04-21 08:00:00,3073.96,3180.0,2933.33,2981.31,1801732.011
2022-04-22 08:00:00,2981.31,3035.37,2930.26,2960.38,1476858.769
2022-04-23 08:00:00,2960.39,2976.82,2904.36,2930.28,615769.147
2022-04-24 08:00:00,2930.28,2967.2,2908.99,2918.97,847760.075
2022-04-25 08:00:00,2918.98,3026.02,2791.3,3006.11,2207537.517
2022-04-26 08:00:00,3006.12,3043.0,2761.27,2807.88,2115673.365
2022-04-27 08:00:00,2807.89,2920.0,2792.27,2887.57,1889647.276
2022-04-28 08:00:00,2887.57,2979.76,2853.24,2935.39,1925868.923
2022-04-29 08:00:00,2935.39,2946.29,2776.0,2815.37,1671919.811
2022-04-30 08:00:00,2815.38,2841.04,2711.65,2725.1,1115770.231
2022-05-01 08:00:00,2725.1,2849.0,2714.5,2823.38,1217450.891
2022-05-02 08:00:00,2823.38,2882.15,2774.97,2855.16,1598694.15
2022-05-03 08:00:00,2855.15,2860.76,2753.0,2780.91,1170566.655
2022-05-04 08:00:00,2780.92,2965.0,2770.08,2939.76,1716921.512
2022-05-05 08:00:00,2939.76,2955.79,2684.84,2746.37,2174369.003
2022-05-06 08:00:00,2746.36,2757.28,2630.0,2691.59,1917392.823
2022-05-07 08:00:00,2691.6,2703.61,2581.89,2634.82,963077.904
2022-05-08 08:00:00,2634.82,2641.11,2480.0,2518.9,1999269.154
2022-05-09 08:00:00,2519.03,2530.88,2222.46,2227.48,4531752.048
2022-05-10 08:00:00,2227.62,2455.88,2197.38,2340.86,4079487.756
2022-05-11 08:00:00,2340.85,2451.86,2002.0,2083.98,5826464.141
2022-05-12 08:00:00,2083.98,2193.7,1775.43,1959.78,5639772.981
2022-05-13 08:00:00,1959.79,2149.99,1939.33,2008.49,2799355.876
2022-05-14 08:00:00,2008.48,2068.6,1950.07,2055.0,1712302.978
2022-05-15 08:00:00,2054.99,2174.32,2000.0,2144.07,1621232.284
2022-05-16 08:00:00,2144.06,2144.07,1976.0,2022.89,2642704.669
2022-05-17 08:00:00,2022.79,2124.1,2006.71,2090.0,1960680.703
2022-05-18 08:00:00,2090.0,2110.89,1906.61,1914.2,2331864.0
2022-05-19 08:00:00,1914.19,2039.3,1901.7,2019.46,2582771.916
2022-05-20 08:00:00,2019.45,2064.74,1922.0,1958.69,2606153.056
2022-05-21 08:00:00,1958.69,1990.75,1935.52,1973.94,1160939.76
2022-05-22 08:00:00,1973.94,2056.73,1965.25,2042.63,1433340.736
2022-05-23 08:00:00,2042.63,2088.6,1955.01,1972.45,2340765.018
2022-05-24 08:00:00,1972.45,1993.72,1911.38,1978.56,2077293.838
2022-05-25 08:00:00,1978.56,2022.74,1933.0,1942.0,2151769.493
2022-05-26 08:00:00,1942.01,1965.28,1725.0,1791.02,4404820.882
2022-05-27 08:00:00,1790.99,1821.85,1694.97,1726.55,4743622.208
2022-05-28 08:00:00,1726.55,1809.33,1721.3,1791.74,2072895.705
2022-05-29 08:00:00,1791.75,1829.0,1755.25,1812.45,1640982.631
2022-05-30 08:00:00,1812.46,2013.56,1801.52,1997.87,3264009.122
2022-05-31 08:00:00,1997.87,2016.77,1922.0,1941.68,2655076.664
2022-06-01 08:00:00,1941.68,1972.77,1758.52,1817.1,3499271.987
2022-06-02 08:00:00,1817.16,1852.99,1780.48,1833.37,2390879.573
2022-06-03 08:00:00,1833.37,1843.33,1733.01,1774.15,2363750.458
2022-06-04 08:00:00,1774.16,1815.48,1747.45,1803.71,1318917.819
2022-06-05 08:00:00,1803.7,1830.0,1772.19,1805.39,1432385.263
2022-06-06 08:00:00,1805.4,1919.33,1803.52,1859.11,2917516.33
2022-06-07 08:00:00,1859.1,1875.0,1722.0,1812.61,4087315.102
2022-06-08 08:00:00,1812.62,1840.13,1763.87,1791.02,2628755.953
2022-06-09 08:00:00,1791.01,1832.7,1776.32,1788.03,1839669.689
2022-06-10 08:00:00,1788.03,1803.82,1650.0,1661.95,3608897.284
2022-06-11 08:00:00,1661.95,1680.97,1498.93,1532.19,4960438.976
2022-06-12 08:00:00,1532.19,1548.81,1421.0,1434.35,6016472.456
2022-06-13 08:00:00,1434.35,1454.58,1162.0,1209.04,17351785.76
2022-06-14 08:00:00,1209.03,1268.9,1073.0,1208.32,12336657.75
2022-06-15 08:00:00,1208.32,1249.4,1012.42,1236.49,15639610.64
2022-06-16 08:00:00,1236.48,1257.29,1050.51,1067.77,8764835.417
2022-06-17 08:00:00,1067.77,1118.0,1050.0,1085.99,6582676.581
2022-06-18 08:00:00,1085.99,1097.0,878.04,994.09,11385880.05
2022-06-19 08:00:00,994.09,1162.98,935.5,1127.88,10406484.22
2022-06-20 08:00:00,1127.88,1174.0,1052.05,1127.83,8647003.105
2022-06-21 08:00:00,1127.82,1194.0,1108.63,1125.47,6719191.952
2022-06-22 08:00:00,1125.47,1126.81,1042.0,1049.4,6439697.41
2022-06-23 08:00:00,1049.41,1156.01,1044.16,1143.71,5944307.516
2022-06-24 08:00:00,1143.71,1244.94,1131.36,1224.42,6052688.103
2022-06-25 08:00:00,1224.42,1258.0,1179.03,1241.6,4537650.045
2022-06-26 08:00:00,1241.6,1280.0,1193.54,1197.21,4564404.562
2022-06-27 08:00:00,1197.2,1238.89,1172.14,1191.9,4630510.301
2022-06-28 08:00:00,1191.89,1239.66,1135.65,1143.5,5830850.719
2022-06-29 08:00:00,1143.51,1156.76,1085.6,1099.32,6255310.525
2022-06-30 08:00:00,1099.33,1106.6,995.0,1070.85,8433372.481
2022-07-01 08:00:00,1070.9,1118.21,1032.65,1059.24,7465681.271
2022-07-02 08:00:00,1059.16,1078.98,1026.16,1066.53,3974288.532
2022-07-03 08:00:00,1066.53,1088.0,1040.01,1073.9,3749708.763
2022-07-04 08:00:00,1073.91,1160.68,1044.33,1150.23,5929167.821
2022-07-05 08:00:00,1150.23,1176.0,1075.0,1131.8,7139408.684
2022-07-06 08:00:00,1131.81,1205.45,1111.03,1186.37,6534667.739
2022-07-07 08:00:00,1186.36,1254.82,1162.93,1236.92,5320583.171
2022-07-08 08:00:00,1236.91,1277.0,1192.0,1213.53,6498615.367
2022-07-09 08:00:00,1213.53,1236.87,1203.75,1216.48,2797190.032
2022-07-10 08:00:00,1216.49,1219.5,1152.0,1167.81,3568244.792
2022-07-11 08:00:00,1167.81,1170.97,1091.1,1095.95,4532538.359
2022-07-12 08:00:00,1095.88,1097.51,1032.09,1037.88,5644661.921
2022-07-13 08:00:00,1037.88,1120.0,1005.0,1114.19,8490574.12
2022-07-14 08:00:00,1114.18,1216.9,1070.57,1193.01,7455813.799
2022-07-15 08:00:00,1193.01,1294.99,1180.74,1230.58,7636816.255
2022-07-16 08:00:00,1230.59,1440.57,1191.41,1355.37,8366291.681
2022-07-17 08:00:00,1355.38,1387.92,1316.0,1338.27,6374217.855
2022-07-18 08:00:00,1338.28,1597.19,1335.49,1580.12,9898185.377
2022-07-19 08:00:00,1580.14,1640.0,1492.57,1541.39,9494362.475
2022-07-20 08:00:00,1541.4,1620.0,1477.0,1521.34,8184086.357
2022-07-21 08:00:00,1521.26,1607.0,1462.3,1575.39,7325282.753
2022-07-22 08:00:00,1575.38,1646.3,1515.75,1534.53,6728238.213
2022-07-23 08:00:00,1534.53,1596.72,1485.53,1548.01,5150085.145
2022-07-24 08:00:00,1548.01,1664.9,1543.45,1597.77,6366485.145
2022-07-25 08:00:00,1597.77,1609.26,1433.2,1440.4,8130871.108
2022-07-26 08:00:00,1440.4,1455.0,1355.0,1448.27,7673943.556
2022-07-27 08:00:00,1448.28,1644.66,1420.22,1635.45,9108934.438
2022-07-28 08:00:00,1635.46,1784.5,1595.0,1723.82,9638750.264
2022-07-29 08:00:00,1723.83,1766.3,1656.0,1721.85,8322821.761
2022-07-30 08:00:00,1721.85,1744.0,1671.0,1696.68,4893669.344
2022-07-31 08:00:00,1696.68,1755.55,1666.0,1677.63,4341013.588
2022-08-01 08:00:00,1677.63,1704.32,1605.5,1629.45,5621692.061
2022-08-02 08:00:00,1629.45,1678.0,1557.8,1629.97,8048319.82
2022-08-03 08:00:00,1629.98,1685.91,1588.5,1617.37,5772165.287
2022-08-04 08:00:00,1617.37,1664.28,1580.0,1607.2,6186609.903
2022-08-05 08:00:00,1607.2,1743.4,1605.0,1737.13,7645714.788
2022-08-06 08:00:00,1737.12,1751.0,1685.03,1689.85,3673770.096
2022-08-07 08:00:00,1689.84,1729.39,1667.0,1699.25,3426181.998
2022-08-08 08:00:00,1699.25,1819.78,1693.15,1776.09,6333566.586
2022-08-09 08:00:00,1776.08,1790.0,1666.05,1702.04,6330296.526
2022-08-10 08:00:00,1702.04,1886.75,1655.0,1853.24,9215939.763
2022-08-11 08:00:00,1853.25,1943.0,1849.8,1879.35,7873808.723
2022-08-12 08:00:00,1879.35,1964.46,1852.0,1957.4,5535344.089
2022-08-13 08:00:00,1957.4,2019.0,1945.5,1982.8,5390461.793
2022-08-14 08:00:00,1982.79,2030.0,1905.0,1934.55,4960301.502
2022-08-15 08:00:00,1934.56,2012.94,1871.0,1898.56,7812767.162
2022-08-16 08:00:00,1898.55,1915.0,1850.0,1875.78,6218534.016
2022-08-17 08:00:00,1875.79,1957.7,1818.01,1833.55,8253584.13
2022-08-18 08:00:00,1833.55,1882.0,1820.11,1845.86,5330045.147
2022-08-19 08:00:00,1845.86,1847.65,1601.85,1608.29,10706393.92
2022-08-20 08:00:00,1608.29,1657.0,1520.64,1574.93,7333793.524
2022-08-21 08:00:00,1574.92,1648.7,1560.0,1617.17,6296700.5
2022-08-22 08:00:00,1617.17,1629.0,1528.0,1624.02,8702841.846
2022-08-23 08:00:00,1624.02,1680.0,1562.41,1664.19,8533214.781
2022-08-24 08:00:00,1664.19,1693.84,1605.0,1655.71,7245610.326
2022-08-25 08:00:00,1655.71,1722.0,1652.27,1694.16,5903160.698
2022-08-26 08:00:00,1694.15,1706.0,1485.0,1507.23,12030168.01
2022-08-27 08:00:00,1507.22,1517.4,1443.4,1490.0,7284323.144
2022-08-28 08:00:00,1490.0,1510.0,1423.1,1426.3,5691852.929
2022-08-29 08:00:00,1426.29,1559.79,1420.59,1550.67,9033167.702
2022-08-30 08:00:00,1550.66,1605.0,1471.92,1523.48,12249649.73
2022-08-31 08:00:00,1523.49,1621.29,1523.26,1553.04,11939388.64
2022-09-01 08:00:00,1553.04,1599.0,1505.0,1585.4,9120649.754
2022-09-02 08:00:00,1585.4,1649.64,1545.0,1574.49,9144467.823
2022-09-03 08:00:00,1574.49,1582.02,1532.6,1556.41,3937946.105
2022-09-04 08:00:00,1556.42,1586.0,1539.7,1578.14,3969402.047
2022-09-05 08:00:00,1578.14,1631.6,1555.72,1616.92,5810610.257
2022-09-06 08:00:00,1616.93,1686.75,1551.7,1558.23,11076502.23
2022-09-07 08:00:00,1558.23,1657.6,1486.16,1629.35,9094507.329
2022-09-08 08:00:00,1629.36,1666.0,1594.0,1634.22,8111052.514
2022-09-09 08:00:00,1634.23,1746.3,1629.25,1717.48,7591864.92
2022-09-10 08:00:00,1717.49,1788.98,1705.0,1773.05,4234258.288
2022-09-11 08:00:00,1773.04,1787.88,1718.02,1765.01,3909495.301
2022-09-12 08:00:00,1765.0,1783.43,1691.28,1715.14,6512918.389
2022-09-13 08:00:00,1715.15,1762.88,1556.78,1571.9,9660861.421
2022-09-14 08:00:00,1571.91,1642.24,1548.0,1635.39,6491665.957
2022-09-15 08:00:00,1635.4,1657.8,1455.0,1471.93,12706158.93
2022-09-16 08:00:00,1471.94,1482.65,1403.0,1433.58,8136455.084
2022-09-17 08:00:00,1433.58,1475.15,1408.15,1467.96,4366994.599
2022-09-18 08:00:00,1467.96,1469.0,1320.0,1333.67,7139282.229
2022-09-19 08:00:00,1333.68,1394.0,1276.62,1375.05,10278329.86
2022-09-20 08:00:00,1375.05,1384.53,1311.0,1322.08,7850914.483
2022-09-21 08:00:00,1322.09,1420.0,1218.0,1244.19,11244514.62
2022-09-22 08:00:00,1244.2,1349.84,1235.6,1325.73,9848169.894
2022-09-23 08:00:00,1325.73,1359.22,1260.75,1326.62,10875882.19
2022-09-24 08:00:00,1326.62,1348.84,1305.36,1316.19,4603413.868
2022-09-25 08:00:00,1316.18,1336.92,1268.19,1293.99,4839166.035
2022-09-26 08:00:00,1293.98,1340.0,1277.55,1335.25,8104991.588
2022-09-27 08:00:00,1335.25,1400.0,1303.02,1327.19,9686206.927
2022-09-28 08:00:00,1327.2,1355.76,1250.0,1336.43,10608737.29
2022-09-29 08:00:00,1336.43,1351.93,1287.24,1334.8,8973401.704
2022-09-30 08:00:00,1334.8,1373.34,1307.53,1327.78,8510622.642
2022-10-01 08:00:00,1327.78,1333.38,1301.0,1311.31,2763699.151
2022-10-02 08:00:00,1311.32,1317.7,1266.66,1275.96,4140053.849
2022-10-03 08:00:00,1275.95,1329.0,1260.48,1322.59,5798622.25
2022-10-04 08:00:00,1322.58,1370.0,1318.06,1360.73,5536817.118
2022-10-05 08:00:00,1360.73,1364.75,1315.27,1351.61,5456174.624
2022-10-06 08:00:00,1351.6,1383.29,1344.0,1351.5,7101597.575
2022-10-07 08:00:00,1351.5,1361.21,1316.22,1330.41,5119226.33
2022-10-08 08:00:00,1330.42,1337.19,1302.0,1314.74,2182988.071
2022-10-09 08:00:00,1314.75,1328.72,1306.41,1322.61,2303208.579
2022-10-10 08:00:00,1322.6,1337.93,1284.38,1289.56,4968203.961
2022-10-11 08:00:00,1289.57,1297.7,1265.0,1279.68,5514583.049
2022-10-12 08:00:00,1279.67,1306.6,1274.35,1294.02,4405169.271
2022-10-13 08:00:00,1294.02,1301.0,1176.0,1286.38,10523564.64
2022-10-14 08:00:00,1286.38,1343.36,1282.74,1295.35,7171699.686
2022-10-15 08:00:00,1295.34,1301.32,1262.12,1274.13,3049822.11
2022-10-16 08:00:00,1274.12,1315.0,1273.98,1305.51,3282852.856
2022-10-17 08:00:00,1305.52,1338.16,1295.0,1330.62,5154706.89
2022-10-18 08:00:00,1330.62,1342.0,1285.11,1309.93,6506270.391
2022-10-19 08:00:00,1309.93,1312.78,1275.56,1284.45,4389238.836
2022-10-20 08:00:00,1284.45,1310.0,1270.0,1282.2,5294962.986
2022-10-21 08:00:00,1282.19,1307.0,1248.0,1299.08,6030198.052
2022-10-22 08:00:00,1299.08,1320.0,1293.67,1313.19,2486638.762
2022-10-23 08:00:00,1313.18,1371.0,1298.22,1363.44,3682722.299
2022-10-24 08:00:00,1363.43,1370.4,1322.25,1342.72,5502275.006
2022-10-25 08:00:00,1342.73,1533.68,1334.16,1459.2,11473585.18
2022-10-26 08:00:00,1459.19,1595.0,1456.69,1565.45,10817326.89
2022-10-27 08:00:00,1565.45,1588.0,1500.46,1513.7,8021549.342
2022-10-28 08:00:00,1513.7,1574.8,1475.0,1553.79,7430625.343
2022-10-29 08:00:00,1553.8,1665.0,1546.71,1618.82,7454042.474
2022-10-30 08:00:00,1618.82,1639.87,1574.6,1589.89,3955450.865
2022-10-31 08:00:00,1589.88,1634.93,1543.72,1572.01,7113753.83
2022-11-01 08:00:00,1572.0,1613.0,1562.7,1577.88,4495232.885
2022-11-02 08:00:00,1577.88,1622.5,1501.0,1517.26,8956953.565
2022-11-03 08:00:00,1517.26,1558.14,1514.07,1530.27,4820992.806
2022-11-04 08:00:00,1530.27,1679.4,1527.78,1644.09,8773312.803
2022-11-05 08:00:00,1644.08,1666.8,1620.1,1626.11,3007552.195
2022-11-06 08:00:00,1626.11,1638.5,1561.32,1567.42,3810965.466
2022-11-07 08:00:00,1567.42,1608.0,1544.94,1567.52,6311427.259
2022-11-08 08:00:00,1567.52,1580.54,1195.22,1333.4,20492980.87
2022-11-09 08:00:00,1333.4,1336.47,1071.14,1101.49,23279890.04
2022-11-10 08:00:00,1101.53,1350.0,1083.77,1298.21,15328692.99
2022-11-11 08:00:00,1298.3,1309.88,1199.57,1288.64,11730741.02
2022-11-12 08:00:00,1288.67,1291.69,1238.0,1256.82,4582467.37
2022-11-13 08:00:00,1256.85,1273.91,1200.0,1220.78,4739475.303
2022-11-14 08:00:00,1220.78,1290.0,1170.5,1242.89,9479256.426
2022-11-15 08:00:00,1242.9,1292.0,1232.52,1252.81,6157353.578
2022-11-16 08:00:00,1252.8,1268.2,1185.59,1215.78,6410984.194
2022-11-17 08:00:00,1215.72,1228.92,1181.0,1199.7,5819726.225
2022-11-18 08:00:00,1199.7,1235.0,1198.48,1212.04,3844518.715
2022-11-19 08:00:00,1212.05,1233.66,1196.0,1216.91,2150246.728
2022-11-20 08:00:00,1216.9,1226.5,1131.6,1141.57,5200697.016
2022-11-21 08:00:00,1141.53,1147.03,1077.32,1106.95,9738758.958
2022-11-22 08:00:00,1106.94,1142.96,1071.52,1139.11,7509660.283
2022-11-23 08:00:00,1139.11,1190.0,1127.01,1183.83,6643424.856
2022-11-24 08:00:00,1183.84,1216.71,1179.72,1202.92,5188015.378
2022-11-25 08:00:00,1202.93,1209.27,1170.99,1198.55,4268310.488
2022-11-26 08:00:00,1198.55,1238.0,1195.08,1204.84,3881430.501
2022-11-27 08:00:00,1205.0,1222.91,1186.58,1193.26,2990518.101
2022-11-28 08:00:00,1193.25,1198.8,1150.25,1167.21,5581193.777
2022-11-29 08:00:00,1167.2,1228.75,1156.06,1215.74,5916426.621
2022-11-30 08:00:00,1215.75,1312.99,1211.53,1294.02,6987495.376
2022-12-01 08:00:00,1294.09,1300.51,1262.0,1275.7,4742584.148
2022-12-02 08:00:00,1275.7,1297.24,1264.43,1295.0,4241223.544
2022-12-03 08:00:00,1294.99,1312.0,1235.17,1239.76,3733284.723
2022-12-04 08:00:00,1239.76,1287.99,1239.13,1278.82,3873239.959
2022-12-05 08:00:00,1278.82,1304.98,1246.0,1258.66,5401461.11
2022-12-06 08:00:00,1258.67,1274.42,1240.55,1270.72,4094634.401
2022-12-07 08:00:00,1270.72,1278.3,1217.02,1230.83,4598453.506
2022-12-08 08:00:00,1230.78,1294.31,1221.0,1279.73,5403214.246
2022-12-09 08:00:00,1279.72,1297.63,1254.0,1262.31,4410565.839
2022-12-10 08:00:00,1262.31,1283.92,1258.58,1265.88,2219440.107
2022-12-11 08:00:00,1265.87,1284.9,1255.0,1262.43,2427380.876
2022-12-12 08:00:00,1262.43,1278.83,1238.5,1274.88,4101114.474
2022-12-13 08:00:00,1274.89,1350.0,1254.32,1321.06,7377534.339
2022-12-14 08:00:00,1321.05,1354.4,1300.17,1307.76,5647195.942
2022-12-15 08:00:00,1307.76,1311.86,1256.1,1266.26,4199459.837
2022-12-16 08:00:00,1266.26,1279.76,1154.7,1166.2,7218530.189
2022-12-17 08:00:00,1166.19,1190.0,1161.07,1186.45,3336484.36
2022-12-18 08:00:00,1186.44,1196.0,1171.12,1182.45,2877052.211
2022-12-19 08:00:00,1182.45,1194.86,1148.0,1167.21,4295030.572
2022-12-20 08:00:00,1167.21,1232.0,1162.5,1216.21,5778341.186
2022-12-21 08:00:00,1216.22,1226.0,1202.06,1213.21,2943786.951
2022-12-22 08:00:00,1213.21,1239.99,1182.0,1217.39,4400633.138
2022-12-23 08:00:00,1217.38,1234.25,1208.33,1219.5,3311152.464
2022-12-24 08:00:00,1219.5,1229.0,1214.0,1219.96,1200911.632
2022-12-25 08:00:00,1219.96,1225.0,1187.54,1217.96,2475836.466
2022-12-26 08:00:00,1217.97,1224.0,1210.0,1216.48,1068406.987
